,,,,,,,,
Date,Montant,Catégorie,Compte,Commentaire,Week number,,,Month number
1er mois - Septembre 2019,,,,,,"0,00 €",,
01-09-2019,"39,60 €",Restes,Belfius,Restes du mois d'Aout,36,"39,60 €",,9
01-09-2019,"16,31 €",Restes,BNP,Restes du mois d'Aout,36,"55,91 €",,9
01-09-2019,"1,48 €",Restes,BNP PREPAID,Restes du mois d'Aout,36,"57,39 €",,9
01-09-2019,"0,86 €",Restes,Belfius Epargne,Restes du mois d'Aout,36,"58,25 €",,9
01-09-2019,"500,00 €",Argent de Poche,BNP,Argent de Poche Papa Septembre 2019,36,"558,25 €",,9
01-09-2019,"-38,00 €",Restaurants,BNP,Lacs de l'Eau d'Heure - Robin's Cafe,36,"520,25 €",,9
01-09-2019,"-24,00 €",Activités,BNP,Lacs de l'Eau d'Heure - VTT & Vélo,36,"496,25 €",,9
01-09-2019,"-20,00 €",Activités,BNP,Lacs de l'Eau d'Heure - Piscine,36,"476,25 €",,9
02-09-2019,"-2,10 €",Transports,BNP,STIB,36,"474,15 €",,9
02-09-2019,"-20,00 €",Retrait,BNP,BNP - Retrait 20€,36,"454,15 €",,9
02-09-2019,"20,00 €",Retrait,Cash,BNP - Retrait 20€,36,"474,15 €",,9
02-09-2019,"-13,53 €",Courses,BNP,Courses - Proxy Delhaize WOluwe,36,"460,62 €",,9
02-09-2019,"-2,10 €",Transports,BNP,STIB,36,"458,52 €",,9
03-09-2019,"-5,49 €",Alimentation,BNP,Q8 - Self végé,36,"453,03 €",,9
03-09-2019,"-5,40 €",Transports,BNP,SNCB - Train vers LLN,36,"447,63 €",,9
03-09-2019,"-2,10 €",Transports,BNP,STIB,36,"445,53 €",,9
03-09-2019,"-7,40 €",Fast-Food,BNP,Fresh&Fries,36,"438,13 €",,9
03-09-2019,"-3,20 €",Boisson,BNP,Brasse-temps,36,"434,93 €",,9
04-09-2019,"-18,80 €",Courses,BNP,Delhaize - Woluwe,36,"416,13 €",,9
04-09-2019,"-2,10 €",Transports,BNP,STIB,36,"414,03 €",,9
04-09-2019,"-2,10 €",Transports,BNP,STIB,36,"411,93 €",,9
05-09-2019,"-4,00 €",Alimentation,BNP,Q8 - Sandwich,36,"407,93 €",,9
05-09-2019,"-2,10 €",Transports,BNP,STIB,36,"405,83 €",,9
05-09-2019,"-20,00 €",Retrait,BNP,BNP - Retrait 20€,36,"385,83 €",,9
05-09-2019,"20,00 €",Retrait,Cash,BNP - Retrait 20€,36,"405,83 €",,9
05-09-2019,"-5,49 €",Alimentation,BNP,Q8 - Self végé,36,"400,34 €",,9
06-09-2019,"43,30 €",Remboursement,BNP,Céline - Abonnements,36,"443,64 €",,9
06-09-2019,"-20,00 €",Transfert,BNP,Transfert vers Belfius,36,"423,64 €",,9
06-09-2019,"-2,10 €",Transports,BNP,STIB,36,"421,54 €",,9
06-09-2019,"-49,00 €",Abonnements,BNP,Edpnet - Achat matériel,36,"372,54 €",,9
06-09-2019,"-15,70 €",Fast-Food,BNP,Quick,36,"356,84 €",,9
07-09-2019,"2 500,00 €",Argent de Poche,BNP,Aide à l'installation Papa,36,"2 856,84 €",,9
08-09-2019,"-5,40 €",Transports,BNP,SNCB - vers LLN,37,"2 851,44 €",,9
08-09-2019,"-2,10 €",Transports,BNP,STIB,37,"2 849,34 €",,9
09-09-2019,"-10,80 €",Transports,BNP,SNCB - Aller-retour Bx,37,"2 838,54 €",,9
09-09-2019,"-5,49 €",Alimentation,BNP,Q8 - Self végé,37,"2 833,05 €",,9
09-09-2019,"-2,50 €",Transports,BNP,STIB - Bus,37,"2 830,55 €",,9
09-09-2019,"-980,00 €",Remboursement,BNP,Remboursement Garantie Caro,37,"1 850,55 €",,9
09-09-2019,"-275,00 €",Remboursement,BNP,Remboursement Meubles de Patrick - Caro,37,"1 575,55 €",,9
09-09-2019,"20,00 €",Transfert,Belfius,Transfert BNP -> Belfius,37,"1 595,55 €",,9
09-09-2019,"-6,76 €",Transports,Belfius,Remboursement Louise Essence,37,"1 588,79 €",,9
09-09-2019,"-18,80 €",Fast-Food,BNP,Burger King,37,"1 569,99 €",,9
09-09-2019,"-5,40 €",Transports,BNP,SNCB,37,"1 564,59 €",,9
09-09-2019,"-2,10 €",Transports,BNP,STIB,37,"1 562,49 €",,9
10-09-2019,"-2,10 €",Transports,BNP,STIB,37,"1 560,39 €",,9
10-09-2019,"-30,00 €",Transfert,BNP,Transfert vers Prepaid Card,37,"1 530,39 €",,9
10-09-2019,"-27,00 €",Resto,BNP,Mexyco,37,"1 503,39 €",,9
11-09-2019,"-10,80 €",Transports,Belfius,SNCB,37,"1 492,59 €",,9
11-09-2019,"-19,00 €",Coiffeur,BNP,Coiffeur,37,"1 473,59 €",,9
11-09-2019,"-51,46 €",Courses,BNP,Courses Proxy Delhaize,37,"1 422,13 €",,9
12-09-2019,"-2,10 €",Transports,BNP,STIB,37,"1 420,03 €",,9
12-09-2019,"-2,10 €",Transports,BNP,STIB,37,"1 417,93 €",,9
12-09-2019,"-3,70 €",Transports,BNP,SNCB vers Genval,37,"1 414,23 €",,9
13-09-2019,"-3,70 €",Transports,BNP,SNCB vers LLN,37,"1 410,53 €",,9
13-09-2019,"-2,10 €",Transports,BNP,STIB,37,"1 408,43 €",,9
13-09-2019,"-2,10 €",Transports,BNP,STIB,37,"1 406,33 €",,9
13-09-2019,"30,00 €",Transfert,BNP,Remboursement échec transfert de tune,37,"1 436,33 €",,9
13-09-2019,"-21,00 €",Resto,BNP,La bécasse,37,"1 415,33 €",,9
13-09-2019,"-13,00 €",Autre,BNP,Mai Bruxelles,37,"1 402,33 €",,9
14-09-2019,"-38,00 €",Resto,BNP,Thai café,37,"1 364,33 €",,9
15-09-2019,"-31,70 €",Resto,BNP,Albert café,38,"1 332,63 €",,9
15-09-2019,"-5,40 €",Transports,BNP,SNCB BX,38,"1 327,23 €",,9
15-09-2019,"-4,20 €",Transports,BNP,STIB,38,"1 323,03 €",,9
15-09-2019,"-6,10 €",Fast-Food,BNP,Fresh&Fries,38,"1 316,93 €",,9
16-09-2019,"-20,00 €",Retrait,BNP,Retrait 20€,38,"1 296,93 €",,9
16-09-2019,"20,00 €",Retrait,Cash,Retrait 20€,38,"1 316,93 €",,9
16-09-2019,"-5,40 €",Transports,BNP,SNCB vers Bx,38,"1 311,53 €",,9
16-09-2019,"-2,10 €",Transports,BNP,STIB,38,"1 309,43 €",,9
16-09-2019,"-367,00 €",Formation,BNP,Auto-école ESCAM Inscription + 6h,38,"942,43 €",,9
17-09-2019,"-8,64 €",Alimentation,BNP,Q8 ,38,"933,79 €",,9
17-09-2019,"-2,10 €",Transports,BNP,STIB,38,"931,69 €",,9
18-09-2019,"-2,10 €",Transports,BNP,STIB,38,"929,59 €",,9
18-09-2019,"-2,10 €",Transports,BNP,STIB,38,"927,49 €",,9
19-09-2019,"-67,99 €",Médical,BNP,Remboursement tests laboratoire ,38,"859,50 €",,9
19-09-2019,"-53,00 €",Transports,BNP,Remboursement Jozy Go Pass 10,38,"806,50 €",,9
19-09-2019,"-22,00 €",Abonnements,BNP,VOO Mobile Septembre - BE05.0963.6360.0275 - 451/5975/16193,38,"784,50 €",,9
19-09-2019,"-9,57 €",Fournitures,BNP,Brico,38,"774,93 €",,9
20-09-2019,"-11,08 €",Courses,BNP,SPAR,38,"763,85 €",,9
20-09-2019,"-2,10 €",Fast-Food,BNP,Fresh&Fries,38,"761,75 €",,9
20-09-2019,"-14,00 €",Fast-Food,BNP,Mexyco,38,"747,75 €",,9
21-09-2019,"-41,74 €",Courses,BNP,Courses Lidle,38,"706,01 €",,9
21-09-2019,"-20,00 €",Transfert,BNP,Transfert vers Prepaid,38,"686,01 €",,9
21-09-2019,"20,00 €",Transfert,BNP PREPAID,Transfert de carte maestro,38,"706,01 €",,9
21-09-2019,"-5,40 €",Transports,BNP,SNCB,38,"700,61 €",,9
21-09-2019,"-3,58 €",Courses,BNP,Carrefour Express Woluwe,38,"697,03 €",,9
22-09-2019,"-11,00 €",Cinema,BNP,De Brouckère,39,"686,03 €",,9
23-09-2019,"-2,99 €",Alimentation,BNP,Q8,39,"683,04 €",,9
24-09-2019,"-13,03 €",Courses,BNP,Proxy Delhaize - Marcel Thirry,39,"670,01 €",,9
25-09-2019,"49,00 €",Abonnements,BNP,Remboursement achat fourniture,39,"719,01 €",,9
26-09-2019,"-2,10 €",Transports,BNP,STIB,39,"716,91 €",,9
26-09-2019,"-2,10 €",Transports,BNP,STIB,39,"714,81 €",,9
26-09-2019,"-220,00 €",Formation,BNP,Lessons de conduites: 4 h,39,"494,81 €",,9
26-09-2019,"-2,10 €",Transports,BNP,STIB,39,"492,71 €",,9
2e mois - Octobre 2019,,,,,,"492,71 €",,
27-09-2019,"2 265,75 €",Salaire,Belfius,Salaire Seprembre Arhs,39,"2 758,46 €",,9
27-09-2019,"-19,00 €",Transports,BNP,STIB - Carte MOBIB + 10 trajets,39,"2 739,46 €",,9
27-09-2019,"-2,10 €",Transports,BNP,STIB,39,"2 737,36 €",,9
27-09-2019,"-2,10 €",Transports,BNP,STIB,39,"2 735,26 €",,9
27-09-2019,"-24,53 €",Courses,BNP,Delhaize Rodebeek,39,"2 710,73 €",,9
27-09-2019,"-10,33 €",Courses,BNP,Proxy Delhaize - Gribaumont,39,"2 700,40 €",,9
27-09-2019,"-2,10 €",Transports,BNP,STIB - Jozy delta,39,"2 698,30 €",,9
28-09-2019,"-3,55 €",Courses,BNP,Proxy Delhaize - Gribaumont,39,"2 694,75 €",,9
30-09-2019,"-88,00 €",Fournitures,Belfius,Decathlon,40,"2 606,75 €",,9
30-09-2019,"-45,00 €",Abonnements,Belfius,Electrabel sa Septembre,40,"2 561,75 €",,9
30-09-2019,"-565,00 €",Loyer,Belfius,Remboursement Loyer Septembre,40,"1 996,75 €",,9
30-09-2019,"-50,00 €",Transfert,Belfius,Retrait d'espèces,40,"1 946,75 €",,9
30-09-2019,"50,00 €",Transfert,Cash,Retrait d'espèces,40,"1 996,75 €",,9
30-09-2019,"-565,00 €",Abonnements,Belfius,Erreur virement Electrabel,40,"1 431,75 €",,9
30-09-2019,"-88,50 €",Vêtements,Belfius,PrixMarques,40,"1 343,25 €",,9
30-09-2019,"-5,72 €",Alimentation,Belfius,Gaufres,40,"1 337,53 €",,9
30-09-2019,"-63,98 €",Vêtements,Belfius,Jules,40,"1 273,55 €",,9
30-09-2019,"-57,64 €",Inconnue,Cash,Dépenses aggrégées,40,"1 215,91 €",,9
03-10-2019,"70,69 €",Abonnements,BNP,Remboursement Electrabel Céline,40,"1 286,60 €",,10
03-10-2019,"-15,50 €",Transports,Belfius,Remboursement Jon blablacar,40,"1 271,10 €",,10
03-10-2019,"-33,50 €",Transports,Belfius,Blablacar vers Strasbourg,40,"1 237,60 €",,10
03-10-2019,"-4,24 €",Alimentation,Belfius,Délitraiteur: sandwich+americain,40,"1 233,36 €",,10
03-10-2019,"-41,30 €",Boisson,Belfius,Zanzibar w/ Jon & Ali,40,"1 192,06 €",,10
03-10-2019,"15,00 €",Boisson,Belfius,Jon: Remboursement Zanzibar w/ Jon & Ali,40,"1 207,06 €",,10
03-10-2019,"15,00 €",Boisson,Belfius,Ali: Remboursement Zanzibar w/ Jon & Ali,40,"1 222,06 €",,10
03-10-2019,"-7,90 €",Alimentation,Belfius,Q8 Woluwedal,40,"1 214,16 €",,10
04-10-2019,"126,00 €",Salaire,EdenRed,Réception carte ticket repas,40,"1 340,16 €",,10
04-10-2019,"-8,30 €",Alimentation,EdenRed,Boucherie woluwedal,40,"1 331,86 €",,10
04-10-2019,"2,50 €",Alimentation,Belfius,Anthony: remboursement sandwich,40,"1 334,36 €",,10
04-10-2019,"3,00 €",Alimentation,Cash,Christophe: remboursement sandwich,40,"1 337,36 €",,10
04-10-2019,"352,95 €",Abonnements,Belfius,Remboursement erreur virement Electrabel,40,"1 690,31 €",,10
04-10-2019,"-565,00 €",Loyer,Belfius,Remboursement Loyer Octobre,40,"1 125,31 €",,10
04-10-2019,"-253,29 €",Fournitures,BNP,Remboursement table + chaises Caro,40,"872,02 €",,10
04-10-2019,"-49,95 €",Abonnements,BNP,VOO septembre - BE06 0960 1782 8722 - 440/7261/59048,40,"822,07 €",,10
05-10-2019,"-45,00 €",Activités,Belfius,Remboursement Jozy Escape Game,40,"777,07 €",,10
05-10-2019,"-6,80 €",Boisson,Belfius,Café péniche Strasbourg,40,"770,27 €",,10
06-10-2019,"-35,00 €",Transports,Belfius,Blablacar vers Bx,41,"735,27 €",,10
06-10-2019,"-22,00 €",Resto,Belfius,Brucnh Strasbourg,41,"713,27 €",,10
06-10-2019,"-0,50 €",Autre,Belfius,Toilette autoroute,41,"712,77 €",,10
06-10-2019,"-10,75 €",Fast-Food,Belfius,McDo Autoroute,41,"702,02 €",,10
07-10-2019,"-14,00 €",Transports,Belfius,Rechargement carte Mobib,41,"688,02 €",,10
07-10-2019,"-8,30 €",Alimentation,Belfius,Q8 Panos,41,"679,72 €",,10
07-10-2019,"-4,10 €",Boisson,Belfius,Bar Gribaumont,41,"675,62 €",,10
07-10-2019,"-15,60 €",Boisson,Belfius,Delirium w/ Théaud,41,"660,02 €",,10
08-10-2019,"-7,00 €",Alimentation,EdenRed,Q8 Panos,41,"653,02 €",,10
08-10-2019,"-53,00 €",Inconnue,Cash,Dépenses aggrégées,41,"600,02 €",,10
09-10-2019,"-9,27 €",Courses,EdenRed,ALDI KRAAINEM,41,"590,75 €",,10
09-10-2019,"-5,77 €",Courses,Belfius,ALDI KRAAINEM (Thomas),41,"584,98 €",,10
09-10-2019,"5,00 €",Courses,Cash,Remboursement (Thomas),41,"589,98 €",,10
09-10-2019,"-0,50 €",Boisson,Cash,Canette Thomas,41,"589,48 €",,10
09-10-2019,"-19,95 €",Fournitures,Belfius,Cycles IMP ,41,"569,53 €",,10
09-10-2019,"-11,09 €",Courses,Belfius,LIDL 179 Evere,41,"558,44 €",,10
11-10-2019,"-6,60 €",Transports,Belfius,SNCB Go pass 1,41,"551,84 €",,10
11-10-2019,"-7,05 €",Fast-Food,Belfius,Maxi frite Arlon ,41,"544,79 €",,10
11-10-2019,"-1,90 €",Boisson,Belfius,Coca ,41,"542,89 €",,10
11-10-2019,"-10,00 €",Autre,Belfius,Casino Arlon,41,"532,89 €",,10
11-10-2019,"10,00 €",Autre,Cash,Casino Arlon,41,"542,89 €",,10
12-10-2019,"-5,99 €",Fournitures,Belfius,Gobelet Rouge,41,"536,90 €",,10
12-10-2019,"-72,45 €",Boisson,Belfius,Alcool Lux,41,"464,45 €",,10
12-10-2019,"-34,06 €",Courses,Belfius,Cora Woluwe,41,"430,39 €",,10
13-10-2019,"-20,00 €",Boisson,Belfius,Shots MAJOR,42,"410,39 €",,10
13-10-2019,"-7,50 €",Boisson,Belfius,Bières au bar,42,"402,89 €",,10
13-10-2019,"-13,00 €",Boisson,Belfius,Bièrs O'Reilly's,42,"389,89 €",,10
13-10-2019,"-21,00 €",Cinema,Belfius,De Brouckère Joker,42,"368,89 €",,10
17-10-2019,"-8,10 €",Courses,EdenRed,Proxy Delhaize Roi Chevalier,42,"360,79 €",,10
18-10-2019,"-5,25 €",Courses,Belfius,Picard,42,"355,54 €",,10
18-10-2019,"-45,86 €",Courses,EdenRed,Delhaize,42,"309,68 €",,10
18-10-2019,"-2,48 €",Courses,Cash,Delhaize pâte dentifrice,42,"307,20 €",,10
19-10-2019,"-5,17 €",Courses,EdenRed,Carrefour Express Froissart (Schuman),42,"302,03 €",,10
19-10-2019,"-16,50 €",Courses,Belfius,Thés,42,"285,53 €",,10
20-10-2019,"-8,62 €",Boisson,Belfius,Spar : Cubanisto,43,"276,91 €",,10
20-10-2019,"-7,60 €",Fast-Food,Belfius,Fresh&Fries,43,"269,31 €",,10
20-10-2019,"8,50 €",Courses,BNP,Thés,43,"277,81 €",,10
21-10-2019,"1,70 €",Inconnue,Cash,Inconnue,43,"279,51 €",,10
22-10-2019,"-22,60 €",Abonnements,BNP,VOO Mobile Septembre - BE05.0963.6360.0275 - 451/6151/53221,43,"256,91 €",,10
22-10-2019,"-3,14 €",Courses,EdenRed,Proxy Delhaize Marcel Thiry,43,"253,77 €",,10
23-10-2019,"-26,00 €",Fournitures,Belfius,Permis Provisoire commune,43,"227,77 €",,10
23-10-2019,"-11,00 €",Transports,Belfius,SNCB Billet 24h vélo,43,"216,77 €",,10
23-10-2019,"-2,50 €",Boisson,Cash,Bière + consigne,43,"214,27 €",,10
24-10-2019,"-3,70 €",Transports,Belfius,SNCB vers Genval,43,"210,57 €",,10
24-10-2019,"-3,59 €",Transports,BNP PREPAID,Trotinnette dott,43,"206,98 €",,10
24-10-2019,"-8,40 €",Alimentation,EdenRed,Q8,43,"198,58 €",,10
25-10-2019,"-3,50 €",Courses,EdenRed,Courses Midi avec Tim,43,"195,08 €",,10
25-10-2019,"-14,00 €",Transports,Belfius,Rechargement carte Mobib,43,"181,08 €",,10
25-10-2019,"-30,59 €",Courses,Belfius,Proxy Roi chevalier,43,"150,49 €",,10
25-10-2019,"-3,70 €",Transports,BNP PREPAID,SNCB-NMBS INTERNET NA,43,"146,79 €",,10
26-10-2019,"-5,40 €",Transports,Belfius,SNCB vers Louvain-la-Neuve,43,"141,39 €",,10
26-10-2019,"-8,00 €",Boisson,Belfius,Knokke Out,43,"133,39 €",,10
26-10-2019,"-7,90 €",Fast-Food,Belfius,Fresh&Fries,43,"125,49 €",,10
27-10-2019,"-5,65 €",Courses,EdenRed,Courses Déli traiteur,44,"119,84 €",,10
27-10-2019,"-20,00 €",Retrait,BNP,Retrait KBC,44,"99,84 €",,10
27-10-2019,"20,00 €",Retrait,Cash,Retrait KBC,44,"119,84 €",,10
27-10-2019,"-2,50 €",Fast-Food,Cash,Frites Gribaumont,44,"117,34 €",,10
3e mois - Novembre 2019,,,,,,"117,34 €",,
28-10-2019,"2 198,13 €",Salaire,Belfius,Salaire Octobre Arhs,44,"2 315,47 €",,10
28-10-2019,"-5,50 €",Alimentation,Cash,Q8 Croc M + Sandwich,44,"2 309,97 €",,10
28-10-2019,"-609,28 €",Loyer,Belfius,Loyer + Assurances + Draps Ikea -> Caro,44,"1 700,69 €",,10
28-10-2019,"-45,00 €",Abonnements,Belfius,Electrabel sa Octobre,44,"1 655,69 €",,10
29-10-2019,"-100,00 €",Remboursement,Belfius,Remboursement Joz Bruges,44,"1 555,69 €",,10
30-10-2019,"-25,17 €",Abonnements,Belfius,VOO Mobile Octobre - BE05.0963.6460.0275 - 451/6328/59256,44,"1 530,52 €",,10
31-10-2019,"-7,64 €",Alimentation,Belfius,Q8 sandwiche + bonbons,44,"1 522,88 €",,10
01-11-2019,"35,00 €",Remboursement,BNP,Remboursement Arnaud,44,"1 557,88 €",,11
01-11-2019,"-14,10 €",Boisson,Belfius,Vins,44,"1 543,78 €",,11
02-11-2019,"-35,00 €",Transports,Belfius,Remboursement blablacar + péages autoroutes -> Joz,44,"1 508,78 €",,11
03-11-2019,"-16,20 €",Cinema,Belfius,UGC Strasbourg,45,"1 492,58 €",,11
03-11-2019,"-14,70 €",Fast-Food,Belfius,McDo Autoroute,45,"1 477,88 €",,11
04-11-2019,"-8,40 €",Alimentation,Belfius,Q8,45,"1 469,48 €",,11
04-11-2019,"-16,95 €",Fast-Food,Belfius,Pizza Hut,45,"1 452,53 €",,11
05-11-2019,"-29,99 €",Abonnements,Belfius,Inscription Basic-fit,45,"1 422,54 €",,11
06-11-2019,"-10,05 €",Courses,EdenRed,Courses Albert Heijn Zaventem,45,"1 412,49 €",,11
07-11-2019,"138,00 €",Salaire,EdenRed,Ticket Repas Novembre,45,"1 550,49 €",,11
07-11-2019,"-4,98 €",Courses,EdenRed,Proxy Delhaize Marcel Thiry - Lasagnes,45,"1 545,51 €",,11
08-11-2019,"-4,97 €",Courses,Belfius,MediMarket coupe-ongle,45,"1 540,54 €",,11
08-11-2019,"-16,94 €",Courses,EdenRed,Cora Woluwe,45,"1 523,60 €",,11
09-11-2019,"-15,00 €",Activités,Belfius,Remboursement laser Game Zoé,45,"1 508,60 €",,11
09-11-2019,"-2,50 €",Boisson,Cash,Kaf Kaf - Belgian Coffee,45,"1 506,10 €",,11
10-11-2019,"-2,00 €",Autre,Cash,Don SDF,46,"1 504,10 €",,11
10-11-2019,"-4,00 €",Alimentation,Cash,Soupe,46,"1 500,10 €",,11
10-11-2019,"-6,60 €",Transports,Belfius,SNCB GO PASS BRUGES ,46,"1 493,50 €",,11
10-11-2019,"-8,80 €",Alimentation,Belfius,Gaufres ,46,"1 484,70 €",,11
10-11-2019,"-42,40 €",Resto,Belfius,Resto Bruges ,46,"1 442,30 €",,11
11-11-2019,"-24,00 €",Activités,Belfius,Historium,46,"1 418,30 €",,11
11-11-2019,"-6,60 €",Transports,Belfius,SNCB GO PASS BX,46,"1 411,70 €",,11
12-11-2019,"-8,00 €",Resto,Belfius,Remboursement Bjorn pizza du 7,46,"1 403,70 €",,11
13-11-2019,"-2,80 €",Alimentation,EdenRed,Rottiers - sandwich,46,"1 400,90 €",,11
13-11-2019,"-3,00 €",Fournitures,Belfius,IKEA,46,"1 397,90 €",,11
13-11-2019,"-13,95 €",Courses,Belfius,IKEA,46,"1 383,95 €",,11
15-11-2019,"-8,00 €",Resto,Belfius,Remboursement Nataliya pizza du 15,46,"1 375,95 €",,11
15-11-2019,"-11,08 €",Boisson,Belfius,Spar barbares,46,"1 364,87 €",,11
15-11-2019,"-69,99 €",Autre,Belfius,FNAC: Star Wars PS4,46,"1 294,88 €",,11
15-11-2019,"-10,15 €",Fast-Food,EdenRed,Burger-King,46,"1 284,73 €",,11
16-11-2019,"-25,00 €",Resto,Belfius,IKEA,46,"1 259,73 €",,11
16-11-2019,"-311,69 €",Fournitures,Belfius,IKEA,46,"948,04 €",,11
17-11-2019,"-0,18 €",Epargne,Cash,Tirelire,47,"947,86 €",,11
17-11-2019,"-12,60 €",Inconnue,Cash,Dépenses inconnues,47,"935,26 €",,11
18-11-2019,"-5,46 €",Courses,EdenRed,Albert Heijn Zaventem,47,"929,80 €",,11
18-11-2019,"-81,03 €",Courses,Belfius,Cora Woluwe,47,"848,77 €",,11
18-11-2019,"-34,11 €",Activités,Belfius,Remboursement SUM 41,47,"814,66 €",,11
19-11-2019,"-19,00 €",Coiffeur,Belfius,Coiffeur,47,"795,66 €",,11
20-11-2019,"-30,00 €",Resto,Belfius,Thaï café avec Caro,47,"765,66 €",,11
21-11-2019,"-26,00 €",Remboursement,Belfius,Remboursement Joséphine Cadeaux de Noël,47,"739,66 €",,11
22-11-2019,"-2,80 €",Alimentation,EdenRed,Sandwich Rottiers,47,"736,86 €",,11
22-11-2019,"-32,85 €",Abonnements,Belfius,Abonnement VOO - BE06.0960.1782.8722 - 443/7152/10109,47,"704,01 €",,11
23-11-2019,"-9,99 €",Remboursement,Belfius,Remboursement Joséphine Ceinture Elise,47,"694,02 €",,11
23-11-2019,"-5,98 €",Fournitures,Belfius,Cadeaux Lola,47,"688,04 €",,11
24-11-2019,"-100,00 €",Retrait,Belfius,Retrait de 100€,48,"588,04 €",,11
24-11-2019,"100,00 €",Retrait,Cash,Retrait de 100€,48,"688,04 €",,11
24-11-2019,"-21,00 €",Resto,Cash,Pizza Woluwe,48,"667,04 €",,11
25-11-2019,"-50,00 €",Autre,Cash,Retrait pour Joséphine,48,"617,04 €",,11
26-11-2019,"50,00 €",Autre,Belfius,Remboursement Retrait pour Joséphine,48,"667,04 €",,11
26-11-2019,"-9,00 €",Courses,Belfius,Courses Cora,48,"658,04 €",,11
26-11-2019,"-67,91 €",Courses,EdenRed,Courses Cora,48,"590,13 €",,11
4e mois - Décembre 2019,,,,,,"590,13 €",,
27-11-2019,"2 204,29 €",Salaire,Belfius,Salaire Novembre Arhs,48,"2 794,42 €",,11
29-11-2019,"-430,29 €",Epargne,Belfius,Transfert vers compte épargne,48,"2 364,13 €",,11
29-11-2019,"430,29 €",Epargne,Belfius Epargne,Transfert vers compte épargne,48,"2 794,42 €",,11
29-11-2019,"-500,00 €",Epargne,Belfius,Transfert vers compte épargne,48,"2 294,42 €",,11
29-11-2019,"500,00 €",Epargne,Belfius Epargne,Transfert vers compte épargne,48,"2 794,42 €",,11
29-11-2019,"-33,00 €",Resto,Belfius,Pizza Team Eures,48,"2 761,42 €",,11
29-11-2019,"-71,40 €",Resto,Belfius,Onlywood diplôme,48,"2 690,02 €",,11
30-11-2019,"-5,10 €",Alimentation,EdenRed,Boulangerie Louise Genval,48,"2 684,92 €",,11
30-11-2019,"-14,02 €",Courses,EdenRed,Carrefour Market Genval,48,"2 670,90 €",,11
30-11-2019,"-1,00 €",Courses,Cash,Restes non pris en charge par EdenRed,48,"2 669,90 €",,11
30-11-2019,"-5,55 €",Fast-Food,Belfius,McDonald Sambreville,48,"2 664,35 €",,11
30-11-2019,"-3,68 €",Fournitures,Belfius,Guirlandes chambre,48,"2 660,67 €","1 972,63 €",11
01-12-2019,"55,00 €",Remboursement,BNP,Remboursement Arnaud,49,"2 715,67 €",,12
01-12-2019,"-5,00 €",Alimentation,Cash,Sandwich Raclette marché de Noël,49,"2 710,67 €",,12
01-12-2019,"-2,00 €",Boisson,Cash,Vin Chaud Zoé,49,"2 708,67 €",,12
01-12-2019,"-2,00 €",Boisson,Cash,Vin Chaud Jozé,49,"2 706,67 €",,12
01-12-2019,"-18,00 €",Boisson,Belfius,Chaudasse bouteille café,49,"2 688,67 €",,12
02-12-2019,"-9,40 €",Inconnue,Cash,Restes dépenses inconnues,49,"2 679,27 €",,12
02-12-2019,"-3,39 €",Alimentation,EdenRed,Baguette + poulet samouraï,49,"2 675,88 €",,12
02-12-2019,"-565,00 €",Loyer,Belfius,Remboursement loyer décembre,49,"2 110,88 €",,12
02-12-2019,"-45,00 €",Abonnements,Belfius,Electrabel Novembre,49,"2 065,88 €",,12
03-12-2019,"114,00 €",Salaire,EdenRed,Ticket Repas Décembre,49,"2 179,88 €",,12
03-12-2019,"-70,00 €",Retrait,Belfius,Retrait 70€ Belfius,49,"2 109,88 €",,12
03-12-2019,"70,00 €",Retrait,Cash,Retrait 70€ Belfius pour Apple pencil,49,"2 179,88 €",,12
03-12-2019,"8,00 €",Remboursement,Belfius,Pizza Team Eures: Timoté,49,"2 187,88 €",,12
03-12-2019,"8,00 €",Remboursement,Cash,Pizza Team Eures: José Miguel,49,"2 195,88 €",,12
03-12-2019,"9,00 €",Remboursement,Belfius,Pizza Team Eures: Nasreddine,49,"2 204,88 €",,12
03-12-2019,"-70,00 €",Fournitures,Cash,Apple pencil,49,"2 134,88 €",,12
04-12-2019,"-15,00 €",Resto,Belfius,Chez Bichon,49,"2 119,88 €",,12
05-12-2019,"-33,50 €",Resto,Belfius,Pizza team Eured,49,"2 086,38 €",,12
05-12-2019,"8,00 €",Resto,Belfius,Remboursement Timoté,49,"2 094,38 €",,12
05-12-2019,"9,00 €",Resto,Belfius,Remboursement Nasreddine,49,"2 103,38 €",,12
05-12-2019,"8,50 €",Resto,Belfius,Remboursement José,49,"2 111,88 €",,12
06-12-2019,"-3,19 €",Courses,Belfius,Carrefour - Ferrero Jozy,49,"2 108,69 €",,12
07-12-2019,"-6,80 €",Transports,Cash,Péages autoroutes,49,"2 101,89 €",,12
07-12-2019,"-15,49 €",Resto,Belfius,Burger Strasbourg - Strassburger,49,"2 086,40 €","-574,27 €",12
08-12-2019,"-18,40 €",Boisson,Belfius,Resto Strassbourg - cocktails,50,"2 068,00 €",,12
08-12-2019,"-12,50 €",Alimentation,Belfius,Marché de Noël Strasbourg - MertzWiller,50,"2 055,50 €",,12
08-12-2019,"-10,50 €",Boisson,Belfius,Marché de Noël Strasbourg - Crêpes Concept,50,"2 045,00 €",,12
08-12-2019,"-14,00 €",Resto,Belfius,Burger Strasbourg - 231 East Street,50,"2 031,00 €",,12
08-12-2019,"-2,00 €",Fournitures,Cash,Conso vin chaud,50,"2 029,00 €",,12
09-12-2019,"-2,27 €",Courses,EdenRed,Albert Heijn Zaventem,50,"2 026,73 €",,12
09-12-2019,"-36,50 €",Transports,Belfius,Blablacar Strasbourg - Woluwe,50,"1 990,23 €",,12
10-12-2019,"-6,75 €",Alimentation,EdenRed,Rottiers Ronny ,50,"1 983,48 €",,12
11-12-2019,"-5,50 €",Alimentation,Belfius,Remboursement Anthony Salade + Rottiers,50,"1 977,98 €",,12
11-12-2019,"-14,00 €",Transports,Belfius,Rechargement carte STIB,50,"1 963,98 €",,12
11-12-2019,"-5,40 €",Transports,Belfius,SNCB Bx - LLN,50,"1 958,58 €",,12
11-12-2019,"-84,97 €",Fournitures,Belfius,Jules pantalon + pull Noël + pull cadeau Arnaud,50,"1 873,61 €",,12
11-12-2019,"-6,00 €",Boisson,Cash,2 Vins chauds,50,"1 867,61 €",,12
11-12-2019,"-20,00 €",Retrait,Belfius,Retrait cash LLN,50,"1 847,61 €",,12
11-12-2019,"20,00 €",Retrait,Cash,Retrait cash LLN,50,"1 867,61 €",,12
11-12-2019,"-5,50 €",Boisson,Cash,Chocolat chaud + baileys ,50,"1 862,11 €",,12
11-12-2019,"-4,60 €",Alimentation,Belfius,SNCB Ottignies - Bx,50,"1 857,51 €",,12
12-12-2019,"-4,00 €",Boisson,Cash,Vin chaud marché de Noël Bruxelles,50,"1 853,51 €",,12
12-12-2019,"-6,00 €",Alimentation,Cash,Chillien,50,"1 847,51 €",,12
12-12-2019,"-10,00 €",Alimentation,Cash,Teriyaki + pour Arnaud,50,"1 837,51 €",,12
12-12-2019,"-5,50 €",Fast-Food,Belfius,Mitraillette avec les collègues,50,"1 832,01 €",,12
14-12-2019,"-10,00 €",Alimentation,Belfius,Gauffre Metz,50,"1 822,01 €",,12
14-12-2019,"-8,00 €",Fournitures,Belfius,Flying Tiger Metz - cadeaux,50,"1 814,01 €",,12
14-12-2019,"-16,80 €",Transports,Belfius,Parking Metz,50,"1 797,21 €",,12
14-12-2019,"-41,00 €",Fournitures,Belfius,Disques cadeaux Papa + Elise,50,"1 756,21 €",,12
14-12-2019,"-5,00 €",Autre,Belfius,Dépense Thionville ?,50,"1 751,21 €",,12
14-12-2019,"-4,60 €",Transports,BNP PREPAID,Payage Autoroute,50,"1 746,61 €",,12
14-12-2019,"-9,00 €",Transports,BNP PREPAID,Payage Autoroute,50,"1 737,61 €","-348,79 €",12
15-12-2019,"-0,70 €",Autre,Belfius,Toilettes Total,51,"1 736,91 €",,12
15-12-2019,"-20,00 €",Retrait,Belfius,Retrait Cash Woluwe,51,"1 716,91 €",,12
15-12-2019,"20,00 €",Retrait,Cash,Retrait Cash Woluwe,51,"1 736,91 €",,12
15-12-2019,"-16,95 €",Fast-Food,Cash,Pizza Hut delivery,51,"1 719,96 €",,12
15-12-2019,"-1,05 €",Fast-Food,Cash,Pizza Hut delivery pourboire,51,"1 718,91 €",,12
15-12-2019,"-5,89 €",Autre,BNP,Jozy dépense BNP,51,"1 713,02 €",,12
15-12-2019,"5,89 €",Remboursement,Belfius,Remboursement Jozy dépense BNP,51,"1 718,91 €",,12
16-12-2019,"-60,00 €",Transfert,Belfius,Transfert vers BNP PREPAID,51,"1 658,91 €",,12
16-12-2019,"60,00 €",Transfert,BNP PREPAID,Transfert vers BNP PREPAID,51,"1 718,91 €",,12
16-12-2019,"-55,44 €",Fournitures,BNP PREPAID,Cadeau Oli,51,"1 663,47 €",,12
18-12-2019,"-13,86 €",Courses,EdenRed,Courses Proxy Delhaize,51,"1 649,61 €",,12
18-12-2019,"-8,70 €",Courses,EdenRed,Rottiers Ronny Vol-au-vent + Lasagne,51,"1 640,91 €",,12
18-12-2019,"-20,01 €",Abonnements,Belfius,VOO mobile Novembre,51,"1 620,90 €",,12
19-12-2019,"-2,80 €",Alimentation,EdenRed,Rottiers Sandwich,51,"1 618,10 €",,12
20-12-2019,"-104,00 €",Resto,Belfius,Chinois Kraainem,51,"1 514,10 €",,12
20-12-2019,"53,50 €",Resto,Belfius,Remboursement Nasreddine + Thomas,51,"1 567,60 €",,12
20-12-2019,"24,50 €",Resto,Belfius,Remboursement Timoté,51,"1 592,10 €",,12
20-12-2019,"-5,40 €",Transports,Belfius,SNCB - Bx-LLN,51,"1 586,70 €",,12
21-12-2019,"-118,99 €",Fournitures,Belfius,Vanden Borre,51,"1 467,71 €",,12
21-12-2019,"-14,50 €",Alimentation,Belfius,Marcolini Macaron,51,"1 453,21 €",,12
21-12-2019,"-16,00 €",Fournitures,Belfius,Decathlon,51,"1 437,21 €","-300,40 €",12
22-12-2019,"-16,56 €",Courses,EdenRed,Match Woluwe,52,"1 420,65 €",,12
22-12-2019,"-24,36 €",Courses,Belfius,Proxy ROI Chevalier,52,"1 396,29 €",,12
26-12-2019,"-16,60 €",Cinema,Belfius,Cinescope 2 places,52,"1 379,69 €",,12
26-12-2019,"-6,50 €",Alimentation,Belfius,Popcorns & Chips,52,"1 373,19 €",,12
5e mois - Janvier 2020,,,,,,"1 373,19 €",,
27-12-2019,"2 227,97 €",Salaire,Belfius,Salaire Décembre Arhs,52,"3 601,16 €",,12
27-12-2019,"-62,50 €",Resto,Belfius,Resto-Pizzeria w/ Jozy,52,"3 538,66 €",,12
27-12-2019,"-15,90 €",Courses,Belfius,Cadeau papa Cora,52,"3 522,76 €",,12
27-12-2019,"-32,29 €",Courses,EdenRed,Courses Cora,52,"3 490,47 €",,12
27-12-2019,"-2,80 €",Alimentation,Cash,Gauffre Cora,52,"3 487,67 €","2 050,46 €",12
29-12-2019,"-45,00 €",Abonnements,Belfius,Electrabel Décembre 2019,53,"3 442,67 €",,12
29-12-2019,"-565,00 €",Loyer,Belfius,Loyer Décembre 2019,53,"2 877,67 €",,12
30-12-2019,"-29,99 €",Abonnements,Belfius,Abonnement Basic Fit Décembre 2019,53,"2 847,68 €",,12
30-12-2019,"-8,00 €",Alimentation,EdenRed,Q8 midi,53,"2 839,68 €",,12
30-12-2019,"-129,98 €",Fournitures,Belfius,Courses IKEA,53,"2 709,70 €",,12
31-12-2019,"-7,95 €",Fast-Food,EdenRed,Domino's Pizza,53,"2 701,75 €","-785,92 €",12
01-01-2020,"-8,10 €",Fast-Food,EdenRed,Quick LLN,1,"2 693,65 €",,1
01-01-2020,"0,01 €",Autre,Belfius Epargne,Interêts crediteur,1,"2 701,76 €",,1
01-01-2020,"-0,97 €",Autre,Belfius Epargne,Frais d'expedition des avis Bancaires,1,"2 692,68 €",,1
01-01-2020,"15,00 €",Fournitures,Cash,Remboursement maman - cadeau papa,1,"2 708,65 €",,1
03-01-2020,"114,00 €",Salaire,EdenRed,Tickets Repas Janvier,1,"2 822,65 €",,1
03-01-2020,"-116,00 €",Activités,Belfius,Koezio escape game Bx,1,"2 706,65 €",,1
04-01-2020,"-103,96 €",Vêtements,Belfius,Timberlands Genappe,1,"2 602,69 €",,1
04-01-2020,"-7,50 €",Alimentation,EdenRed,Boulangerie Genappe,1,"2 595,19 €",,1
04-01-2020,"-5,00 €",Boisson,Cash,Becket LLN: Orval,1,"2 590,19 €",,1
04-01-2020,"-40,90 €",Resto,Belfius,Brasse-Temps: Burger,1,"2 549,29 €",,1
04-01-2020,"-5,40 €",Transports,Belfius,SNCB LLN -> Bx,1,"2 543,89 €","-158,82 €",1
05-01-2020,"-10,43 €",Courses,EdenRed,Courses SPAR LLN,2,"2 533,46 €",,1
05-01-2020,"-292,00 €",Remboursement,Belfius,Remboursement Jozy - Londres,2,"2 241,46 €",,1
06-01-2020,"-5,00 €",Autre,Cash,Commune Woluwe-S-L: Commande nouveau code PUK,2,"2 236,46 €",,1
07-01-2020,"-10,00 €",Autre,Belfius,Commune Woluwe-S-L: Renouvellement carte de résident,2,"2 226,46 €",,1
07-01-2020,"-20,00 €",Autre,Belfius,Cadeau Charline - Concert SUM 41,2,"2 206,46 €",,1
07-01-2020,"-73,70 €",Courses,EdenRed,Courses Cora,2,"2 132,76 €",,1
07-01-2020,"-10,78 €",Courses,Belfius,Courses Cora,2,"2 121,98 €",,1
08-01-2020,"-10,00 €",Transfert,Belfius,Premier rechargement Revolut,2,"2 111,98 €",,1
08-01-2020,"10,00 €",Transfert,Revolut,Premier rechargement Revolut,2,"2 121,98 €",,1
08-01-2020,"-9,26 €",Remboursement,Belfius,Remboursement Ostende J. Gomez,2,"2 112,72 €",,1
08-01-2020,"-7,09 €",Remboursement,Belfius,Remboursement Ostende V. Tran,2,"2 105,63 €",,1
08-01-2020,"-156,70 €",Facture,Belfius,Paternamut Facture annuelle 2019 - 2020,2,"1 948,93 €",,1
09-01-2020,"-5,99 €",Fournitures,Revolut,Commande carte Revolut,2,"1 942,94 €",,1
10-01-2020,"10,50 €",Resto,Belfius,Remboursement Timoté Pizza,2,"1 953,44 €",,1
10-01-2020,"8,00 €",Resto,Belfius,Remboursement Anthony Pizza,2,"1 961,44 €",,1
10-01-2020,"-27,50 €",Resto,Belfius,Remboursement Arnaud Pizza (+ Timoté & Anthony),2,"1 933,94 €",,1
11-01-2020,"-24,90 €",Fournitures,Belfius,Achat Woluwe-Shopping-center - odorisant parfum,2,"1 909,04 €",,1
11-01-2020,"-16,28 €",Courses,EdenRed,Delhaize Roodebeek,2,"1 892,76 €",,1
11-01-2020,"-18,21 €",Courses,EdenRed,Proxy Delhaize Roi Chevalier,2,"1 874,55 €","-669,34 €",1
12-01-2020,"-20,00 €",Retrait,Belfius,Retrait KBC 20€,3,"1 854,55 €",,1
12-01-2020,"20,00 €",Retrait,Cash,Retrait KBC 20€,3,"1 874,55 €",,1
12-01-2020,"-15,00 €",Fast-Food,Cash,Chez Ferdinand 2 burgers + grande frite,3,"1 859,55 €",,1
14-01-2020,"-5,00 €",Transports,Cash,Parking Lotto Arena Anvers,3,"1 854,55 €",,1
14-01-2020,"-10,00 €",Fast-Food,Belfius,Fritte Anvers,3,"1 844,55 €",,1
14-01-2020,"-2,00 €",Fast-Food,Cash,Boisson + Sauce,3,"1 842,55 €",,1
14-01-2020,"-3,50 €",Boisson,Cash,Bière 35cl Lotto Arena,3,"1 839,05 €",,1
14-01-2020,"5,00 €",Boisson,Cash,Remboursement bière Corentin,3,"1 844,05 €",,1
14-01-2020,"-10,00 €",Boisson,Belfius,Bières 50cl Lotto Arena,3,"1 834,05 €",,1
15-01-2020,"-3,00 €",Boisson,Belfius,Smoothie Prot Basic Fit,3,"1 831,05 €",,1
17-01-2020,"-6,90 €",Boisson,Belfius,Brasse-Temps: 50cl Buche Triple,3,"1 824,15 €",,1
17-01-2020,"-12,00 €",Boisson,Belfius,Brasse-Temps: Rafale Tradi. + 50cl Cuvée des Trolls,3,"1 812,15 €",,1
17-01-2020,"-7,60 €",Fast-Food,Belfius,Fresh&Fries,3,"1 804,55 €",,1
18-01-2020,"-16,95 €",Fast-Food,Belfius,Pizza-Hut,3,"1 787,60 €","-86,95 €",1
19-01-2020,"-200,00 €",Transfert,Belfius,Rechargement carte Revolut,4,"1 587,60 €",,1
20-01-2020,"-2,89 €",Alimentation,Revolut,Courses Q8: Lasagne,4,"1 584,71 €",,1
20-01-2020,"-17,80 €",Fast-Food,Belfius,Burger King Auderghem,4,"1 566,91 €",,1
20-01-2020,"-400,00 €",Epargne,Belfius Epargne,Transfert Vers compte courant,4,"1 166,91 €",,1
20-01-2020,"400,00 €",Transfert,Belfius,Transfert Vers compte courant,4,"1 566,91 €",,1
20-01-2020,"-400,00 €",Transfert,Belfius,Transfert Vers compte courant,4,"1 166,91 €",,1
21-01-2020,"-3,28 €",Courses,EdenRed,Q8: Baguette + Américain veggie,4,"1 163,63 €",,1
21-01-2020,"200,00 €",Transfert,Revolut,Rechargement carte Revolut,4,"1 363,63 €",,1
21-01-2020,"-20,72 €",Fournitures,Revolut,foramazonia.com: Cadeau anniversaire Zoé,4,"1 342,91 €",,1
21-01-2020,"-5,00 €",Abonnements,BNP,Abonnement Peak Pro,4,"1 337,91 €",,1
21-01-2020,"10,36 €",Fournitures,Belfius,Remboursement: foramazonia.com: Cadeau anniversaire Zoé,4,"1 348,27 €",,1
21-01-2020,"-59,83 €",Courses,Belfius,Courses Delhaizes,4,"1 288,44 €",,1
22-01-2020,"400,00 €",Transfert,Revolut,Rechargement carte Revolut,4,"1 688,44 €",,1
22-01-2020,"-183,05 €",Autre,Revolut,Airbnb Londres,4,"1 505,39 €",,1
22-01-2020,"-35,52 €",Autre,Revolut,Jack the ripper Tour,4,"1 469,87 €",,1
23-01-2020,"-4,10 €",Alimentation,Belfius,Panos: Chocolat chaud + Donut,4,"1 465,77 €",,1
23-01-2020,"-3,70 €",Transports,Belfius,SNCB: Bx -> Genval,4,"1 462,07 €",,1
24-01-2020,"-3,70 €",Transports,Belfius,SNCB: Genval -> Bx,4,"1 458,37 €",,1
24-01-2020,"-8,00 €",Resto,Belfius,Remboursement Abhinav: Pizza,4,"1 450,37 €",,1
25-01-2020,"-39,99 €",Fournitures,Belfius,Fnac: Pochette Ipad,4,"1 410,38 €",,1
25-01-2020,"-64,99 €",Vêtements,Belfius,Jules: Vestes Brune,4,"1 345,39 €",,1
25-01-2020,"-16,05 €",Fast-Food,Belfius,Burger King: LLN avec Arnaud,4,"1 329,34 €","-458,26 €",1
26-01-2020,"-51,00 €",Resto,Belfius,Thaï Café: +caro + caution tupperwares,5,"1 278,34 €",,1
6e mois - Février 2020,,,,,,"1 278,34 €",,
27-01-2020,"-29,99 €",Abonnements,Belfius,Basic Fit Janvier,5,"1 248,35 €",,1
27-01-2020,"2 169,53 €",Salaire,Belfius,Salaire Janvier 2020 Arhs,5,"3 417,88 €",,1
28-01-2020,"-45,00 €",Abonnements,Belfius,Electrabel Janvier 2020,5,"3 372,88 €",,1
28-01-2020,"-565,00 €",Loyer,Belfius,Loyer Janvier 2020,5,"2 807,88 €",,1
28-01-2020,"-22,00 €",Abonnements,Belfius,Voo Décembre,5,"2 785,88 €",,1
28-01-2020,"-19,00 €",Coiffeur,Belfius,Coiffeur,5,"2 766,88 €",,1
28-01-2020,"-43,29 €",Courses,Belfius,Proxy Delhaize,5,"2 723,59 €",,1
29-01-2020,"-5,00 €",Fournitures,Belfius,Participation cadeau Zoé,5,"2 718,59 €",,1
29-01-2020,"-5,89 €",Courses,Belfius,Courses Farm Rodebeek,5,"2 712,70 €",,1
29-01-2020,"-13,48 €",Courses,Belfius,Courses Delhaize Rodebeek,5,"2 699,22 €",,1
29-01-2020,"-30,00 €",Autre,BNP,Aide Arnaud,5,"2 669,22 €",,1
30-01-2020,"-8,90 €",Autre,Belfius,TCC BCL Midi,5,"2 660,32 €",,1
30-01-2020,"-5,94 €",Transports,Revolut,Rechargement Metro Londres,5,"2 654,38 €",,1
30-01-2020,"-5,94 €",Transports,Revolut,Rechargement Metro Londres Jozy,5,"2 648,44 €",,1
30-01-2020,"-5,95 €",Vêtements,Revolut,Courses Jozy,5,"2 642,49 €",,1
30-01-2020,"-14,49 €",Boisson,Revolut,Brewdog London beers,5,"2 628,00 €",,1
30-01-2020,"-29,32 €",Resto,Revolut,Brewdog London burger + beer,5,"2 598,68 €",,1
30-01-2020,"-4,16 €",Boisson,Revolut,Coca Theatre,5,"2 594,52 €",,1
30-01-2020,"-5,92 €",Transports,Revolut,Rechargement Metro Londres,5,"2 588,60 €",,1
30-01-2020,"-5,92 €",Transports,Revolut,Rechargement Metro Londres Jozy,5,"2 582,68 €",,1
31-01-2020,"-59,08 €",Resto,Revolut,Duck & Waffle,5,"2 523,60 €",,1
31-01-2020,"-14,26 €",Activités,Revolut,British museum: audio guide,5,"2 509,34 €",,1
31-01-2020,"-34,56 €",Resto,Revolut,British Museum: Afternoon tea,5,"2 474,78 €",,1
31-01-2020,"-6,67 €",Courses,Revolut,Shop boisson énergisante + bonbons,5,"2 468,11 €",,1
31-01-2020,"-5,96 €",Transports,Revolut,Rechargement Metro Londres,5,"2 462,15 €",,1
31-01-2020,"-5,96 €",Transports,Revolut,Rechargement Metro Londres Jozy,5,"2 456,19 €",,1
31-01-2020,"108,00 €",Salaire,EdenRed,Ticket Repas Février,5,"2 564,19 €",,1
01-02-2020,"-11,61 €",Boisson,Revolut,The Woodins Shades,5,"2 552,58 €",,2
01-02-2020,"-13,16 €",Boisson,Revolut,The Woodins Shades,5,"2 539,42 €",,2
01-02-2020,"-17,71 €",Fast-Food,Revolut,Polo Bar,5,"2 521,71 €",,2
01-02-2020,"-7,17 €",Alimentation,Revolut,Hardys Original Sweetshop: Cadeau Elise,5,"2 514,54 €",,2
01-02-2020,"-17,94 €",Fournitures,Revolut,Dark n Cold Urban Streetwear: livre Gretha Tunberg,5,"2 496,60 €",,2
01-02-2020,"-3,00 €",Alimentation,Revolut,Max Orient : Vegetarian Teriyaki,5,"2 493,60 €",,2
01-02-2020,"-5,99 €",Transports,Revolut,Rechargement Metro Londres,5,"2 487,61 €",,2
01-02-2020,"-5,99 €",Transports,Revolut,Rechargement Metro Londres Jozy,5,"2 481,62 €",,2
01-02-2020,"-36,92 €",Resto,Revolut,Franco Manca Pizzas (Jozy + Pauline + Rom),5,"2 444,70 €",,2
01-02-2020,"-4,73 €",Courses,Revolut,Courses After Jack the Ripper,5,"2 439,97 €","1 110,63 €",2
02-02-2020,"182,00 €",Remboursement,Belfius,Rembousement Joséphine Londres,6,"2 621,97 €",,2
02-02-2020,"-15,20 €",Boisson,Revolut,"Becketts (Arno, Isabelle, Rom)",6,"2 606,77 €",,2
03-02-2020,"0,20 €",Autre,Cash,Monnaie ramassée,6,"2 606,97 €",,2
03-02-2020,"-1,20 €",Boisson,Cash,Pêcheresse Taverne Agro,6,"2 605,77 €",,2
03-02-2020,"-2,50 €",Fast-Food,Cash,Fresh & Fries: frites avec Agro,6,"2 603,27 €",,2
03-02-2020,"-10,00 €",Retrait,BNP,Retrait BNP 10€,6,"2 593,27 €",,2
03-02-2020,"10,00 €",Retrait,Cash,Retrait BNP 10€,6,"2 603,27 €",,2
04-02-2020,"-3,00 €",Alimentation,EdenRed,Rottiers: Sandwich choucroute,6,"2 600,27 €",,2
04-02-2020,"-14,00 €",Abonnements,Belfius,Rechargement carte Mobib,6,"2 586,27 €",,2
04-02-2020,"30,00 €",Remboursement,BNP,Remboursement Arnaud,6,"2 616,27 €",,2
06-02-2020,"-18,04 €",Courses,Belfius,Courses Delhaize Rodebeek - pour Strasbourg,6,"2 598,23 €",,2
06-02-2020,"9,00 €",Remboursement,Belfius,Rembousement Joséphine Courses,6,"2 607,23 €",,2
06-02-2020,"-22,25 €",Fast-Food,EdenRed,MacDo autoroute,6,"2 584,98 €",,2
06-02-2020,"-7,00 €",Transports,Revolut,Autoroute payage,6,"2 577,98 €",,2
06-02-2020,"-1,50 €",Autre,Revolut,Alcane Gestion,6,"2 576,48 €",,2
06-02-2020,"-8,00 €",Boisson,Belfius,Blue Moon STrasbourg cocktail,6,"2 568,48 €",,2
07-02-2020,"-21,00 €",Resto,Belfius,Remboursement Jozy Burgers Strasbourg,6,"2 547,48 €",,2
08-02-2020,"-84,10 €",Resto,Belfius,"Gin Bar resto W/ Jozy, Dom & Zoé",6,"2 463,38 €",,2
08-02-2020,"37,60 €",Remboursement,Belfius,"Remboursement Jozy, Dom Resto",6,"2 500,98 €",,2
08-02-2020,"2,00 €",Remboursement,Belfius,Remboursement Jozy,6,"2 502,98 €",,2
08-02-2020,"-1,30 €",Boisson,Belfius,Coca Autoroute,6,"2 501,68 €","61,71 €",2
09-02-2020,"-50,00 €",Retrait,Belfius,Retrait CBC banque,7,"2 451,68 €",,2
09-02-2020,"50,00 €",Retrait,Cash,Retrait CBC banque,7,"2 501,68 €",,2
09-02-2020,"-40,00 €",Médical,Cash,Médecin de garde LLN,7,"2 461,68 €",,2
10-02-2020,"-17,77 €",Médical,Belfius,Pharmacie Woluwe,7,"2 443,91 €",,2
11-02-2020,"-3,70 €",Transports,Belfius,SNCB Bxl -> Genval,7,"2 440,21 €",,2
12-02-2020,"-3,70 €",Transports,Belfius,SNCB Genval -> Bxl ,7,"2 436,51 €",,2
12-02-2020,"-15,10 €",Courses,Belfius,Marché Woluwe,7,"2 421,41 €",,2
12-02-2020,"-6,40 €",Courses,EdenRed,Courses Roi Chevalier,7,"2 415,01 €",,2
13-02-2020,"-2,40 €",Courses,EdenRed,Boulangerie,7,"2 412,61 €",,2
14-02-2020,"-31,00 €",Boisson,Belfius,Bar à Coktail - Bx,7,"2 381,61 €",,2
14-02-2020,"-20,80 €",Cinema,Belfius,UGC de Brouckère,7,"2 360,81 €",,2
15-02-2020,"-40,00 €",Resto,Belfius,Remboursement resto Ethiopiens Jozy,7,"2 320,81 €","-180,87 €",2
16-02-2020,"-20,70 €",Resto,Belfius,Remboursement Pizza-hut Jozy,8,"2 300,11 €",,2
17-02-2020,"-30,00 €",Fournitures,Belfius,Achat Madeleine - Fournitures photographie,8,"2 270,11 €",,2
18-02-2020,"-28,99 €",Courses,EdenRed,Delhaize Roodebeek,8,"2 241,12 €",,2
19-02-2020,"-5,60 €",Alimentation,EdenRed,Rottiers Sandwich Nasreddine + Romain,8,"2 235,52 €",,2
21-02-2020,"-11,13 €",Courses,EdenRed,Delhaize Roodebeek,8,"2 224,39 €",,2
21-02-2020,"-17,45 €",Fast-Food,BNP,Uber eats - Quick,8,"2 206,94 €",,2
21-02-2020,"-1,00 €",Autre,BNP,Uber eats pourboire,8,"2 205,94 €",,2
22-02-2020,"-20,00 €",Retrait,Belfius,Retrait Belfius banque,8,"2 185,94 €",,2
22-02-2020,"20,00 €",Retrait,Cash,Retrait Belfius banque,8,"2 205,94 €",,2
22-02-2020,"-21,00 €",Resto,Cash,Pizzeria Woluwe,8,"2 184,94 €","-135,87 €",2
23-02-2020,"-23,65 €",Abonnements,Belfius,Voo Janvier,9,"2 161,29 €",,2
23-02-2020,"-1 000,00 €",Transfert,Belfius,Transfert compte Epargne,9,"1 161,29 €",,2
23-02-2020,"1 000,00 €",Epargne,Belfius Epargne,Transfert compte Epargne,9,"2 161,29 €",,2
23-02-2020,"-100,00 €",Transfert,Belfius,Transfert compte Revolut,9,"2 061,29 €",,2
23-02-2020,"100,00 €",Transfert,Revolut,Transfert compte Revolut,9,"2 161,29 €",,2
23-02-2020,"10,00 €",Resto,Cash,Remboursement Pizza Caro,9,"2 171,29 €",,2
24-02-2020,"2,80 €",Alimentation,Belfius,Remboursement Rottiers Nasreddine,9,"2 174,09 €",,2
24-02-2020,"-29,99 €",Abonnements,Belfius,Basic Fit Février,9,"2 144,10 €",,2
25-02-2020,"-54,68 €",Courses,Belfius,Courses Cora,9,"2 089,42 €",,2
25-02-2020,"-2,80 €",Alimentation,EdenRed,Rottiers,9,"2 086,62 €",,2
26-02-2020,"-3,70 €",Transports,Belfius,SNCB BX -> Genval,9,"2 082,92 €",,2
7e mois - Mars 2020,,,,,,"2 082,92 €",,
27-02-2020,"-27,00 €",Transports,Belfius,SNCB KeyCards,9,"2 055,92 €",,2
27-02-2020,"-14,00 €",Transports,Belfius,MOBIB rechargement,9,"2 041,92 €",,2
27-02-2020,"2 229,07 €",Salaire,Belfius,Salaire Février 2020 Arhs,9,"4 270,99 €",,2
27-02-2020,"-565,00 €",Loyer,Belfius,Loyer Février 2020 Arhs,9,"3 705,99 €",,2
27-02-2020,"-1 300,00 €",Transfert,Belfius,Transfert compte Epargne,9,"2 405,99 €",,2
27-02-2020,"1 300,00 €",Epargne,Belfius Epargne,Transfert compte Epargne,9,"3 705,99 €",,2
27-02-2020,"-100,00 €",Transfert,Belfius,Transfert compte Revolut,9,"3 605,99 €",,2
27-02-2020,"1 599,57 €",Remboursement,BNP,Caution Dynamic IMMO,9,"5 205,56 €",,2
28-02-2020,"-43,50 €",Resto,Belfius,Restaurant Zoé,9,"5 162,06 €",,2
28-02-2020,"-38,50 €",Alimentation,Belfius,Gateaux anniversaire Jozy,9,"5 123,56 €",,2
28-02-2020,"-67,00 €",Boisson,Belfius,Ginette bar,9,"5 056,56 €",,2
28-02-2020,"-36,00 €",Boisson,Belfius,Ginette bar,9,"5 020,56 €",,2
28-02-2020,"-3,00 €",Boisson,Belfius,Ginette bar,9,"5 017,56 €","2 832,62 €",2
01-03-2020,"-19,99 €",Fournitures,Revolut,ES Online,10,"4 997,57 €",,3
02-03-2020,"-6,24 €",Alimentation,EdenRed,Shop & Go Kraainem,10,"4 991,33 €",,3
02-03-2020,"100,00 €",Transfert,Revolut,Transfert compte Revolut,10,"5 091,33 €",,3
03-03-2020,"-3,00 €",Alimentation,EdenRed,Rottiers,10,"5 088,33 €",,3
03-03-2020,"-4,50 €",Boisson,EdenRed,Cook and Book: café,10,"5 083,83 €",,3
03-03-2020,"-26,00 €",Resto,Belfius,Thai Café,10,"5 057,83 €",,3
03-03-2020,"15,00 €",Resto,Belfius,Thai Café: Remboursement Jozy,10,"5 072,83 €",,3
04-03-2020,"-3,00 €",Alimentation,EdenRed,Rottiers,10,"5 069,83 €",,3
04-03-2020,"-9,00 €",Fast-Food,Belfius,BK,10,"5 060,83 €",,3
04-03-2020,"114,00 €",Salaire,EdenRed,Tickets repas Mars 2020,10,"5 174,83 €",,3
05-03-2020,"-2,80 €",Alimentation,EdenRed,Rottiers,10,"5 172,03 €",,3
06-03-2020,"-52,99 €",Courses,Belfius,Courses Delhaize,10,"5 119,04 €",,3
07-03-2020,"-27,48 €",Vêtements,Belfius,H&M,10,"5 091,56 €",,3
07-03-2020,"-14,14 €",Transports,Belfius,Plein Total,10,"5 077,42 €",,3
07-03-2020,"-4,95 €",Boisson,Belfius,Delitraiteur Genval,10,"5 072,47 €","54,91 €",3
08-03-2020,"-3,99 €",Alimentation,Belfius,Remboursement Anthony ,11,"5 068,48 €",,3
10-03-2020,"-3,00 €",Autre,Belfius,Netherlan valinsopay ?,11,"5 065,48 €",,3
11-03-2020,"-36,70 €",Activités,Belfius,Remboursement Jozy Air Games,11,"5 028,78 €",,3
12-03-2020,"-4,00 €",Alimentation,EdenRed,Sandwicherie delicious,11,"5 024,78 €",,3
13-03-2020,"-10,00 €",Fast-Food,Belfius,Snack team EURES,11,"5 014,78 €",,3
13-03-2020,"-10,30 €",Alimentation,EdenRed,Restaurant Befels avec Jozy,11,"5 004,48 €",,3
13-03-2020,"-29,99 €",Activités,Revolut,Steam: Ori and the blind Forest,11,"4 974,49 €",,3
14-03-2020,"-1 057,40 €",Remboursement,BNP,Remboursement caution papa,11,"3 917,09 €",,3
14-03-2020,"-570,50 €",Remboursement,BNP,Remboursement caution Celine,11,"3 346,59 €","-1 725,88 €",3
16-03-2020,"-48,19 €",Courses,EdenRed,Delhaize Roodebeek,12,"3 298,40 €",,3
16-03-2020,"-11,00 €",Fournitures,BNP,Achat multi-screen ipad,12,"3 287,40 €",,3
20-03-2020,"-45,00 €",Abonnements,Belfius,Electrabel Février,12,"3 242,40 €",,3
20-03-2020,"-20,00 €",Retrait,Belfius,Retrait KBC ,12,"3 222,40 €",,3
20-03-2020,"20,00 €",Retrait,Cash,Retrait KBC ,12,"3 242,40 €",,3
20-03-2020,"-15,00 €",Fast-Food,Cash,Chez Fernand,12,"3 227,40 €",,3
21-03-2020,"-23,00 €",Fast-Food,Belfius,Pizza Hut,12,"3 204,40 €",,3
23-03-2020,"-29,99 €",Abonnements,Belfius,Basic-fit,13,"3 174,41 €",,3
8e mois - Avril 2020,,,,,,"3 174,41 €",,
26-03-2020,"2 224,44 €",Salaire,Belfius,Salaire Mars 2020,13,"5 398,85 €",,3
26-03-2020,"-100,66 €",Remboursement,Belfius,Equilibrage Tricount Caro,13,"5 298,19 €",,3
26-03-2020,"-45,00 €",Abonnements,Belfius,Facture Electrabel Mars,13,"5 253,19 €","2 048,79 €",3
01-04-2020,"132,00 €",Salaire,EdenRed,Tickets repas Avril 2020,14,"5 385,19 €",,4
01-04-2020,"-565,00 €",Loyer,Belfius,Loyer Avril 2020,14,"4 820,19 €",,4
03-04-2020,"-76,00 €",Fast-Food,Belfius,Domino Pizza - Famille Evrard,14,"4 744,19 €","-509,00 €",4
05-04-2020,"-6,10 €",Alimentation,Belfius,Couques + Croissants,15,"4 738,09 €",,4
06-04-2020,"-19,99 €",Divertissement,Revolut,Steam - Resident Evil,15,"4 718,10 €",,4
09-04-2020,"-12,38 €",Courses,Belfius,Courses Natural Green Genappe,15,"4 725,71 €",,4
11-04-2020,"-51,14 €",Courses,Belfius,Colruyt Genappe,15,"4 674,57 €","-89,61 €",4
14-04-2020,"-15,00 €",Autre,Belfius,Virement Cedric de Baker: Cadeau de départ pour Marco G.,16,"4 659,57 €",,4
16-04-2020,"-34,40 €",Courses,Belfius,Courses Burger Colruyt,16,"4 625,17 €",,4
17-04-2020,"-44,00 €",Abonnements,Belfius,Voo Février + Mars,16,"4 581,17 €",,4
18-04-2020,"-66,98 €",Courses,Belfius,Carrefour Genappe,16,"4 514,19 €",,4
18-04-2020,"-39,99 €",Divertissement,Revolut,Steam - Skyrim SE,16,"4 474,20 €","-200,37 €",4
19-04-2020,"-1,10 €",Courses,Belfius,Boulangerie croissants,17,"4 513,09 €",,4
19-04-2020,"-3,30 €",Courses,Belfius,Boulangerie croissants,17,"4 509,79 €",,4
20-04-2020,"-1 000,00 €",Transfert,Belfius,Transfert compte Epargne,17,"3 509,79 €",,4
20-04-2020,"1 000,00 €",Epargne,Belfius Epargne,Transfert compte Epargne,17,"4 509,79 €",,4
22-04-2020,"-12,40 €",Fast-Food,Belfius,MacDo Confinement,17,"4 497,39 €",,4
24-04-2020,"-26,58 €",Courses,EdenRed,Carrefour Market,17,"4 470,81 €","-43,38 €",4
27-04-2020,"-10,00 €",Fournitures,Belfius,Elastique 25Kg Decathlon,18,"4 487,39 €",,4
9e mois - Mai 2020,,,,,,"4 487,39 €",,
28-04-2020,"2 225,99 €",Salaire,Belfius,Salaire Avril 2020,18,"6 713,38 €",,4
28-04-2020,"-565,00 €",Loyer,Belfius,Loyer Mai 2020,18,"6 148,38 €",,4
28-04-2020,"-45,00 €",Abonnements,Belfius,Facture Electrabel Avril,18,"6 103,38 €",,4
28-04-2020,"-22,00 €",Abonnements,Belfius,Voo Mobile mars,18,"6 081,38 €",,4
29-04-2020,"-10,18 €",Fournitures,Revolut,Commande Aliexpress: ear cushions,18,"6 071,20 €","1 573,81 €",4
03-05-2020,"-12,45 €",Fast-Food,Belfius,Remoursement McDo Elise,19,"6 058,75 €",,5
03-05-2020,"-32,52 €",Courses,EdenRed,Courses Prox Delhaize,19,"6 026,23 €",,5
03-05-2020,"-8,68 €",Courses,Belfius,Courses Prox Delhaize,19,"6 017,55 €",,5
04-05-2020,"126,00 €",Salaire,EdenRed,Ticket Repas Mai 2020,19,"6 143,55 €","72,35 €",5
13-05-2020,"-14,00 €",Fournitures,Revolut,Humblebundle,20,"6 129,55 €",,5
16-05-2020,"-20,15 €",Fast-Food,EdenRed,Quick Nivelles,20,"6 109,40 €","-34,15 €",5
17-05-2020,"-25,98 €",Cadeaux,Belfius,Cadeau Anniversaire MP,21,"6 083,42 €",,5
18-05-2020,"-27,00 €",Médical,Belfius,Prises de sang - Médecin,21,"6 056,42 €",,5
18-05-2020,"-27,99 €",Vêtements,Belfius,Shopping de Nivelles - Jules,21,"6 028,43 €",,5
18-05-2020,"-4,50 €",Vêtements,Belfius,Shopping de Nivelles - Hema,21,"6 023,93 €",,5
18-05-2020,"-11,97 €",Vêtements,Belfius,Shopping de Nivelles - Zemma,21,"6 011,96 €",,5
18-05-2020,"-45,41 €",Courses,EdenRed,Colruyt,21,"5 966,55 €",,5
20-05-2020,"22,78 €",Médical,Belfius,Remboursement Partenamut,21,"5 989,33 €",,5
20-05-2020,"-10,92 €",Courses,EdenRed,Proxy Delhaize Roi Chevalier,21,"5 978,41 €",,5
21-05-2020,"-40,01 €",Transports,Belfius,Plein - Essence,21,"5 938,40 €",,5
21-05-2020,"-8,40 €",Fast-Food,Belfius,Fresh & Fries,21,"5 930,00 €",,5
22-05-2020,"-4,99 €",Abonnements,Revolut,Spotify Mai,21,"5 925,01 €",,5
22-05-2020,"-1 500,00 €",Transfert,Belfius,Transfert compte Epargne,21,"4 425,01 €",,5
22-05-2020,"1 500,00 €",Epargne,Belfius Epargne,Transfert compte Epargne,21,"5 925,01 €",,5
23-05-2020,"-330,00 €",Retrait,Belfius Epargne,Transfert compte Courant,21,"5 595,01 €",,5
23-05-2020,"330,00 €",Epargne,Belfius,Transfert compte Courant,21,"5 925,01 €",,5
23-05-2020,"-31,49 €",Vêtements,Belfius,America Today LLN,21,"5 893,52 €",,5
23-05-2020,"-10,55 €",Boisson,EdenRed,Delitraiteur Genval,21,"5 882,97 €","-226,43 €",5
24-05-2020,"-16,95 €",Fast-Food,Belfius,Pizza Hut,22,"5 876,57 €",,5
10e mois - Juin 2020,,,,,,"5 876,57 €",,
26-05-2020,"2 229,07 €",Salaire,Belfius,Salaire Mai 2020,22,"8 105,64 €",,5
26-05-2020,"-565,00 €",Loyer,Belfius,Loyer Juin 2020,22,"7 540,64 €",,5
26-05-2020,"-45,00 €",Abonnements,Belfius,Facture Electrabel Mai,22,"7 495,64 €",,5
26-05-2020,"-19,69 €",Remboursement,Belfius,Equilibrage Tricount mai 2020,22,"7 475,95 €",,5
26-05-2020,"-1 500,00 €",Transfert,Belfius,Transfert compte Epargne,22,"5 975,95 €",,5
26-05-2020,"1 500,00 €",Epargne,Belfius Epargne,Transfert compte Epargne,22,"7 475,95 €",,5
27-05-2020,"-18,40 €",Fast-Food,Revolut,Uber eat - Burrito,22,"7 457,55 €",,5
29-05-2020,"114,00 €",Salaire,EdenRed,Tickets Repas Juin 2020,22,"7 571,55 €",,5
30-05-2020,"-2,00 €",Fournitures,Belfius,Briquet Total,22,"7 569,55 €","1 676,03 €",5
02-06-2020,"-8,12 €",Courses,Belfius,Courses Aldi Genappe,23,"7 561,43 €",,6
02-06-2020,"8,00 €",Courses,Belfius,Remboursement Joséphine,23,"7 569,43 €",,6
02-06-2020,"-16,97 €",Courses,Belfius,Courses Zeeman,23,"7 552,46 €",,6
03-06-2020,"-72,62 €",Fournitures,Belfius,Courses Blokker,23,"7 479,84 €",,6
03-06-2020,"36,31 €",Fournitures,Belfius,Courses Blokker - Remboursement Joséphine,23,"7 516,15 €",,6
03-06-2020,"-5,93 €",Courses,EdenRed,Colruyt,23,"7 510,22 €",,6
06-06-2020,"-5,00 €",Autre,BNP,Recharge apple store,23,"7 474,84 €",,6
06-06-2020,"-20,00 €",Coiffeur,Belfius,Planet coiffure Genappe,23,"7 496,15 €","-84,33 €",6
07-06-2020,"-50,00 €",Fournitures,Belfius,Remboursement Joséphine,24,"7 460,22 €",,6
07-06-2020,"-73,79 €",Courses,EdenRed,Courses Carefour Genval + Erreur boisson,24,"7 401,05 €",,6
07-06-2020,"35,40 €",Courses,Cash,Remboursement erreur boissons,24,"7 531,55 €",,6
09-06-2020,"-12,95 €",Courses,EdenRed,Proxy Delhaize Roi Chevalier,24,"7 447,27 €",,6
10-06-2020,"-174,00 €",Autre,Belfius,JOD justice - contravention,24,"7 227,05 €",,6
10-06-2020,"-22,25 €",Fast-Food,Belfius,Pizza Hut,24,"7 509,30 €",,6
10-06-2020,"-8,37 €",Courses,Belfius,Courses Epicier du coin,24,"7 438,90 €",,6
12-06-2020,"-29,77 €",Courses,EdenRed,Delhaize Rodebeek,24,"7 197,28 €",,6
13-06-2020,"-13,78 €",Courses,Belfius,Farm Tongres (cadeau Alice),24,"7 495,52 €",,6
13-06-2020,"-13,34 €",Transports,Belfius,Total Schaerbeek,24,"7 425,56 €",,6
13-06-2020,"36,00 €",Remboursement,Belfius,Remboursement dépenses Jozy,24,"7 233,28 €",,6
13-06-2020,"-59,22 €",Boisson,Belfius,Boisson resto avec Jozy,24,"7 436,30 €","-386,07 €",6
14-06-2020,"-20,00 €",Fast-Food,Cash,Bucket chicken Meudon pour Caro et Julien,25,"7 405,56 €",,6
14-06-2020,"-1,21 €",Boisson,EdenRed,Coca Proxy Delhaize Roi chevalier,25,"7 232,07 €",,6
14-06-2020,"-7,97 €",Autre,Belfius,PDF test de perceptions des risques,25,"7 428,33 €",,6
15-06-2020,"-47,50 €",Fournitures,Belfius,Remboursement fournitures Jozy,25,"7 358,06 €",,6
16-06-2020,"208,55 €",Salaire,Belfius,Pécule de vacances,25,"7 440,62 €",,6
16-06-2020,"-2,80 €",Alimentation,EdenRed,Rottiers,25,"7 425,53 €",,6
17-06-2020,"-10,01 €",Transports,Belfius,Shell Express Woluwe,25,"7 348,05 €",,6
18-06-2020,"-9,00 €",Fast-Food,Belfius,Remboursement Quentin Pizzas,25,"7 431,62 €",,6
18-06-2020,"-6,57 €",Courses,Belfius,Epicier coin de la rue,25,"7 418,96 €",,6
18-06-2020,"-7,10 €",Courses,EdenRed,Carrefour Express,25,"7 340,95 €",,6
19-06-2020,"-2,80 €",Alimentation,EdenRed,Rottiers,25,"7 428,82 €",,6
19-06-2020,"-0,89 €",Boisson,EdenRed,Couques Carrefour express,25,"7 418,07 €",,6
19-06-2020,"-15,00 €",Boisson,Cash,Beckett,25,"7 325,95 €",,6
19-06-2020,"-15,00 €",Boisson,Revolut,Beckett,25,"7 413,82 €",,6
19-06-2020,"-7,60 €",Fast-Food,EdenRed,Fresh&Fries,25,"7 410,47 €",,6
20-06-2020,"-24,15 €",Fast-Food,Belfius,Pizza Hut,25,"7 301,80 €",,6
20-06-2020,"12,08 €",Fast-Food,BNP,Remboursement Arnaud Pizza Hut,25,"7 425,90 €","43,03 €",6
22-06-2020,"-10,95 €",Divertissement,Belfius,BD seul Tome 12,26,"7 402,87 €",,6
22-06-2020,"-35,52 €",Courses,EdenRed,Proxy Delhaize Roi Chevalier,26,"7 374,95 €",,6
22-06-2020,"-4,99 €",Abonnements,Revolut,Spotify,26,"7 296,81 €",,6
23-06-2020,"8,30 €",Fast-Food,BNP,Remboursement - Julien - Bucket chicken Meudon pour Caro et Julien,26,"7 434,20 €",,6
24-06-2020,"-14,40 €",Fast-Food,BNP,Frite avec Nico,26,"7 388,47 €",,6
24-06-2020,"-15,00 €",Autre,Belfius,Autosecurité - Test de perception des risques,26,"7 359,95 €",,6
25-06-2020,"-35,00 €",Fournitures,Belfius,Participation achat Joséphine,26,"7 261,81 €",,6
26-06-2020,"-45,00 €",Facture,Belfius,Electrabel Juin 2020,26,"7 389,20 €",,6
26-06-2020,"-39,50 €",Courses,EdenRed,Proxy Delhaize Roi Chevalier,26,"7 348,97 €","1 558,82 €",6
11e mois - Juillet 2020,,,,,,"7 359,95 €",,
27-06-2020,"2 315,88 €",Salaire,Belfius,Salaire Juin 2020,26,"9 675,83 €",,6
27-06-2020,"-565,00 €",Loyer,Belfius,Loyer Juillet 2020,26,"9 110,83 €","1 558,82 €",6
29-06-2020,"-4,12 €",Courses,EdenRed,Albertheijn Zaventem,27,"9 106,71 €",,6
29-06-2020,"-40,90 €",Courses,EdenRed,Delhaize Rodebeek,27,"9 065,81 €",,6
01-07-2020,"-2,12 €",Courses,Belfius,Remboursement Tim Américain,27,"9 063,69 €",,7
01-07-2020,"-6,32 €",Courses,EdenRed,Colruyt,27,"9 057,37 €",,7
02-07-2020,"-6,04 €",Autre,Belfius,Autre,27,"9 051,33 €",,7
02-07-2020,"-27,00 €",Boisson,Belfius,Bar Avec Jon-Ali_Jozy,27,"9 024,33 €",,7
03-07-2020,"126,00 €",Salaire,EdenRed,Ticket Repas Juillet,27,"9 150,33 €",,7
04-07-2020,"-11,48 €",Fournitures,Belfius,Remboursement T-shirt + Fouet H&M,27,"9 138,85 €","28,02 €",7
05-07-2020,"-5,20 €",Autre,Belfius,Autre,28,"9 133,65 €",,7
05-07-2020,"-2,00 €",Transports,Belfius,Parking Zaventem,28,"9 131,65 €",,7
05-07-2020,"-1,50 €",Boisson,EdenRed,Bouteille d'eau Q8 autoroute,28,"9 130,15 €",,7
05-07-2020,"-34,00 €",Resto,Belfius,Resto Lille,28,"9 096,15 €",,7
05-07-2020,"17,00 €",Resto,Belfius,Remboursement Jozy - Resto Lille,28,"9 113,15 €",,7
07-07-2020,"-1 050,00 €",Loyer,Belfius,Loyer + Frais d'entrée Aout 2020 Marie-José,28,"8 063,15 €",,7
07-07-2020,"-443,76 €",Remboursement,Belfius,Remboursement Jozy Garantie - frais d'entrée,28,"7 619,39 €",,7
07-07-2020,"-151,25 €",Facture,Belfius,ETat des lieux d'entrée,28,"7 468,14 €",,7
08-07-2020,"-2,50 €",Autre,Belfius,Frais de tenue compte confort,28,"7 465,64 €",,7
08-07-2020,"186,47 €",Salaire,Eco-cheques,Eco-Checks,28,"7 652,11 €",,7
08-07-2020,"1 157,83 €",Remboursement,Belfius,Rachat meuble + garantie Julien Gomez,28,"8 809,94 €",,7
08-07-2020,"-29,98 €",Divertissement,Revolut,Soldes steam: Witcher 3 + DMC5,28,"8 779,96 €",,7
08-07-2020,"-26,90 €",Fast-Food,Belfius,Frites Jemeppe,28,"8 753,06 €",,7
09-07-2020,"-50,00 €",Autre,Belfius,Don Centrafrique Enfant Amour Avenir ,28,"8 703,06 €",,7
10-07-2020,"-29,00 €",Fast-Food,Belfius,Mex-y-co LLN,28,"8 674,06 €",,7
11-07-2020,"-106,30 €",Resto,Belfius,Manhattan's Burger Alma,28,"8 567,76 €","-571,09 €",7
12-07-2020,"-13,89 €",Transports,Belfius,Plein Essence Q8 Jemeppe,29,"8 553,87 €",,7
12-07-2020,"-13,90 €",Courses,EdenRed,Délitraiteur Genval,29,"8 539,97 €",,7
13-07-2020,"-14,00 €",Alimentation,Belfius,Glaces Lac de l'eau d'heure,29,"8 525,97 €",,7
13-07-2020,"-29,99 €",Abonnements,Belfius,Basic-fit,29,"8 495,98 €",,7
14-07-2020,"-45,19 €",Courses,EdenRed,Delhaize Rodebeek,29,"8 450,79 €",,7
16-07-2020,"-2,00 €",Transports,Belfius,Parking Zaventem,29,"8 448,79 €",,7
17-07-2020,"-23,50 €",Resto,Belfius,Ramen Bruxelles,29,"8 425,29 €",,7
18-07-2020,"-15,00 €",Fournitures,Belfius,Courses Decathlon,29,"8 410,29 €","-157,47 €",7
19-07-2020,"-13,00 €",Fournitures,Belfius,Remboursement Joséphine,30,"8 397,29 €",,7
23-07-2020,"-200,00 €",Transfert,Belfius,Rechargement Revolut,30,"8 197,29 €",,7
23-07-2020,"200,00 €",Transfert,Revolut,Rechargement Revolut,30,"8 397,29 €",,7
24-07-2020,"-24,12 €",Courses,EdenRed,Courses Delhaize Roi Chevalier,30,"8 373,17 €",,7
25-07-2020,"-37,00 €",Resto,Belfius,Thai Cafe Genval,30,"8 336,17 €",,7
25-07-2020,"30,00 €",Resto,Belfius,Remboursement Joséphine Thai Cafe,30,"8 366,17 €",,7
25-07-2020,"-4,99 €",Abonnements,Revolut,Spotify Juillet,30,"8 361,18 €","-49,11 €",7
26-07-2020,"17,58 €",Remboursement,BNP,Remboursement Arnaud,31,"8 378,76 €",,7
27-07-2020,"-36,00 €",Transports,Belfius,Examen permis pratique,31,"8 342,76 €",,7
12e mois - Aout 2020,,,,,,"8 342,76 €",,
27-07-2020,"2 224,45 €",Salaire,Belfius,Salaire Juillet 2020,31,"10 567,21 €",,7
27-07-2020,"-5,55 €",Courses,Belfius,Courses Délitraiteur,31,"10 561,66 €",,7
28-07-2020,"-7,61 €",Courses,EdenRed,Albert Heijn,31,"10 554,05 €",,7
28-07-2020,"-2,20 €",Courses,EdenRed,Délitraiteur Wolu,31,"10 551,85 €",,7
28-07-2020,"-54,50 €",Boisson,Belfius,Bar Joséphine-Charlotte,31,"10 497,35 €",,7
28-07-2020,"-3,00 €",Boisson,Belfius,Bar Joséphine-Charlotte,31,"10 494,35 €",,7
29-07-2020,"-45,07 €",Courses,EdenRed,Delhaize Rodebeek,31,"10 449,28 €",,7
31-07-2020,"132,00 €",Salaire,EdenRed,Tickets Repas Aout 2020,31,"10 581,28 €",,7
31-07-2020,"-94,70 €",Inconnue,Cash,Dépenses Cash Juillet-Aout,31,"10 486,58 €",,7
01-08-2020,"-5,75 €",Courses,Belfius,Carrefour Genval,31,"10 480,83 €",,8
01-08-2020,"-53,40 €",Courses,EdenRed,Carrefour Market Rixensart,31,"10 395,88 €","2 066,25 €",8
03-08-2020,"-27,98 €",Fournitures,Belfius,Brico Zaventem,32,"10 452,85 €",,8
04-08-2020,"10,00 €",Remboursement,Belfius,Remboursement Joséphine,32,"10 462,85 €",,8
05-08-2020,"-14,00 €",Transports,Belfius,Recharge carte stib,32,"10 448,85 €",,8
05-08-2020,"-28,44 €",Divertissement,Revolut,Bivouac Aigue Vive,32,"10 420,41 €",,8
05-08-2020,"-100,00 €",Divertissement,Revolut,Descente en Kayak,32,"10 320,41 €",,8
06-08-2020,"-13,99 €",Fournitures,Belfius,Fnac - Livre the haunting of hill house,32,"10 306,42 €",,8
06-08-2020,"-80,50 €",Resto,Belfius,"""Best Pizza of Bruxelles""",32,"10 225,92 €",,8
07-08-2020,"-2,00 €",Transports,Belfius,Parking aéroport Zaventem,32,"10 223,92 €",,8
07-08-2020,"-8,10 €",Fast-Food,Belfius,Deliveroo Burger King,32,"10 215,82 €",,8
08-08-2020,"-2,50 €",Autre,Belfius,Frais de tenue compte comfort,32,"10 213,32 €","-267,51 €",8
09-08-2020,"-36,45 €",Courses,EdenRed,Proxy Delhaize Roi Chevalier,33,"10 176,87 €",,8
10-08-2020,"-29,99 €",Abonnements,Belfius,Basic fit,33,"10 146,88 €",,8
10-08-2020,"-1 500,00 €",Transfert,Belfius,Transfert compte Epargne,33,"8 646,88 €",,8
10-08-2020,"1 500,00 €",Epargne,Belfius Epargne,Transfert compte Epargne,33,"10 146,88 €",,8
11-08-2020,"-5,00 €",Autre,Revolut,Investissement Bitcoin,33,"10 141,88 €",,8
12-08-2020,"-21,00 €",Coiffeur,Belfius,Coiffeur Woluwe,33,"10 120,88 €",,8
13-08-2020,"-65,99 €",Cadeaux,Belfius,Fnac: Cadeau Papa,33,"10 054,89 €",,8
13-08-2020,"-65,00 €",Cadeaux,Belfius,SportsDirect: Cadeau José,33,"9 989,89 €",,8
13-08-2020,"-21,47 €",Courses,EdenRed,Carrefour Express George Henry,33,"9 968,42 €",,
14-08-2020,"-28,00 €",Fast-Food,Belfius,Burger King - Deliveroo,33,"9 940,42 €",,8
14-08-2020,"-40,00 €",Logement,Belfius,"Booking: Agriturismo-la-villa, Bolano Italie",33,"9 900,42 €",,8
14-08-2020,"340,43 €",Loyer,Belfius,Remboursement Joséphine - Septembre 2020,33,"10 240,85 €",,8
14-08-2020,"174,82 €",Remboursement,Belfius,Remboursement Joséphine - Septembre 2020,33,"10 415,67 €",,8
14-08-2020,"-200,00 €",Transfert,Belfius,Transfert compte Revolut,33,"10 215,67 €",,8
14-08-2020,"200,00 €",Transfert,Revolut,Transfert compte Revolut,33,"10 415,67 €",,8
14-08-2020,"-111,23 €",Logement,Revolut,Airbnb Venise,33,"10 304,44 €",,8
14-08-2020,"-117,00 €",Activités,Revolut,Europapark,33,"10 187,44 €",,8
15-08-2020,"-3,09 €",Courses,Belfius,"Intermarché: Courses barbecue, Spy",33,"10 184,35 €","-28,97 €",8
16-08-2020,"-78,45 €",Courses,Belfius,Proxy Delhaize Roi Chevalier,34,"10 105,90 €",,8
18-08-2020,"-52,87 €",Plein,Belfius,Plein,34,"10 053,03 €",,8
19-08-2020,"-13,77 €",Facture,Belfius,Electrabel Aout 2020,34,"10 039,26 €",,8
19-08-2020,"-38,08 €",Plein,Belfius,Plein Montpellier,34,"10 001,18 €",,8
20-08-2020,"-394,00 €",Fournitures,Belfius,Afflelou: Montpellier lunettes,34,"9 607,18 €",,8
20-08-2020,"-49,99 €",Vêtements,Belfius,GoSport: Baskettes,34,"9 557,19 €",,8
20-08-2020,"-10,00 €",Alimentation,Belfius,Glaces Montpellier,34,"9 547,19 €",,8
20-08-2020,"-34,80 €",Boisson,Belfius,Bar Montpellier,34,"9 512,39 €",,8
20-08-2020,"-10,00 €",Boisson,Belfius,Bar Montpellier: Rhum,34,"9 502,39 €",,8
21-08-2020,"-2,40 €",Parking,Revolut,Parking Comedy Montpellier,34,"9 499,99 €",,8
21-08-2020,"-24,66 €",Courses,Belfius,Courses Carrefour Montpellier,34,"9 475,33 €",,8
21-08-2020,"-5,00 €",Alimentation,Belfius,Montpellier: La Brioche Dorée,34,"9 470,33 €",,8
21-08-2020,"-56,99 €",Logement,Belfius,Hôtel Première classe - Istres,34,"9 413,34 €",,8
22-08-2020,"-4,99 €",Abonnements,Revolut,Abonnement Spotify Aout,34,"9 408,35 €",,8
22-08-2020,"-52,00 €",Plein,Belfius,Plein SESTRI Riviera SUD,34,"9 356,35 €",,8
22-08-2020,"-47,74 €",Plein,Belfius,"Plein: Station Dyneff Belle Isle, Lezignan-Corbière",34,"9 308,61 €",,8
22-08-2020,"-7,55 €",Boisson,Belfius,Boisson Super U Cassis,34,"9 301,06 €","-883,29 €",8
23-08-2020,"-15,00 €",Parking,Belfius,Parking Sant Ambrogio Firenze,35,"9 286,06 €",,8
23-08-2020,"-40,00 €",Retrait,Belfius,Retrait Firenze,35,"9 246,06 €",,8
23-08-2020,"40,00 €",Retrait,Cash,Retrait Firenze,35,"9 286,06 €",,8
23-08-2020,"-12,00 €",Boisson,Belfius,Firenze: Camping in town - cocktails,35,"9 274,06 €",,8
23-08-2020,"-10,00 €",Boisson,Belfius,Firenze: Camping in town - cocktails,35,"9 264,06 €",,8
23-08-2020,"-24,00 €",Resto,Belfius,Firenze: Camping in town - resto,35,"9 240,06 €",,8
24-08-2020,"-8,00 €",Parking,Belfius,Parking Sant Ambrogio Firenze,35,"9 232,06 €",,8
24-08-2020,"-200,00 €",Transfert,Belfius,Transfert Revolut,35,"9 032,06 €",,8
24-08-2020,"200,00 €",Transfert,Revolut,Transfert Revolut,35,"9 232,06 €",,8
24-08-2020,"-44,99 €",Parking,Revolut,Parclick Mestre,35,"9 187,07 €",,8
25-08-2020,"-40,00 €",Retrait,Belfius,Retrait Firenze,35,"9 147,07 €",,8
25-08-2020,"40,00 €",Retrait,Cash,Retrait Firenze,35,"9 187,07 €",,8
25-08-2020,"-15,00 €",Transports,Belfius,Vaporetto 1st Day Venize,35,"9 172,07 €",,8
13e mois - Septembre 2020,,,,,,"9 172,07 €",,
26-08-2020,"2 389,31 €",Salaire,Belfius,Salaire Aout 2020,35,"11 561,38 €",,8
26-08-2020,"-960,00 €",Loyer,Belfius,Loyer Septembre 2020,35,"10 601,38 €",,8
26-08-2020,"-10,00 €",Activités,Cash,Free Walking tour Venezia,35,"10 591,38 €",,8
26-08-2020,"-10,50 €",Resto,Belfius,Venezia Enoteca Schiavi,35,"10 580,88 €",,8
26-08-2020,"-7,80 €",Resto,Belfius,Pizza Venezia,35,"10 573,08 €",,8
26-08-2020,"-5,00 €",Alimentation,Belfius,Ice Cream Venezia - Tofelis,35,"10 568,08 €",,8
26-08-2020,"-61,60 €",Resto,Belfius,Venezia Osottoosopra,35,"10 506,48 €",,8
27-08-2020,"-40,00 €",Retrait,Belfius,Retrait Venize pour la gondole,35,"10 466,48 €",,8
27-08-2020,"40,00 €",Retrait,Cash,Retrait Venize pour la gondole,35,"10 506,48 €",,8
27-08-2020,"-40,00 €",Activités,Cash,Gondole,35,"10 466,48 €",,8
27-08-2020,"-43,74 €",Plein,Belfius,Plein Mestre,35,"10 422,74 €",,8
27-08-2020,"-24,85 €",Courses,Belfius,Courses Mestre,35,"10 397,89 €",,8
27-08-2020,"-38,55 €",Plein,Belfius,Plein Suisse,35,"10 359,34 €",,8
27-08-2020,"-37,23 €",Transports,Revolut,Vignette Suisse,35,"10 322,11 €",,8
28-08-2020,"-10,20 €",Boisson,Belfius,Bar Europapark,35,"10 349,14 €",,8
28-08-2020,"-7,20 €",Boisson,Belfius,Bar Europapark,35,"10 341,94 €",,8
28-08-2020,"-10,00 €",Boisson,Belfius,Ibis Budget Bar,35,"10 331,94 €",,8
29-08-2020,"-148,93 €",Fournitures,Belfius,Ikea Arlon,35,"10 183,01 €",,8
29-08-2020,"-74,93 €",Fournitures,Belfius,Ikea Arlon,35,"10 108,08 €","769,79 €",8
30-08-2020,"-26,49 €",Courses,EdenRed,Proxy Delhaize Roi Chevalier,36,"10 081,59 €",,8
31-08-2020,"-119,67 €",Facture,Belfius,Electrabel: end of contract Herbert Hoover,36,"9 961,92 €",,8
01-09-2020,"66,00 €",Salaire,EdenRed,Tickets repas Septembre,36,"10 027,92 €",,9
01-09-2020,"-18,46 €",Fournitures,Revolut,Pièce détachée Caro- Croc Mr,36,"10 009,46 €",,9
01-09-2020,"-2,50 €",Autre,Belfius,Participation au Frais de tenue du compte,36,"10 006,96 €",,9
03-09-2020,"-22,11 €",Courses,EdenRed,Courses Aldi,36,"9 984,85 €","2 733,61 €",9
07-09-2020,"-45,00 €",Resto,Belfius,Ramen: Menma Jourdan,37,"9 939,85 €",,9
07-09-2020,"-29,99 €",Abonnements,Belfius,Basic-fit Belgium,37,"9 909,86 €",,9
07-09-2020,"-78,17 €",Courses,Belfius,Cora Woluwe,37,"9 831,69 €",,9
08-09-2020,"-40,00 €",Facture,Belfius,Facture Electrabel Septembre 2020,37,"9 791,69 €",,9
08-09-2020,"-27,56 €",Facture,Belfius,Facture Synlab test-covid,37,"9 764,13 €",,9
08-09-2020,"-2,00 €",Courses,EdenRed,Hummus Carrefour Market,37,"9 762,13 €",,9
10-09-2020,"-8,00 €",Resto,Belfius,Pizza EURES,37,"9 754,13 €",,9
11-09-2020,"-121,13 €",Facture,Belfius,Orange internet + mobile José: Aout + Septembre + Frais installation,37,"9 633,00 €",,9
12-09-2020,"-8,50 €",Boisson,Belfius,Café Quick Wavre,37,"9 624,50 €",,9
12-09-2020,"-45,00 €",Activités,Belfius,Karting Bouillon,37,"9 579,50 €",,9
12-09-2020,"-26,00 €",Logement,Belfius,Camping,37,"9 553,50 €","-1 923,86 €",9
13-09-2020,"-15,50 €",Courses,Belfius,Courses Spar Camping,38,"9 538,00 €",,9
13-09-2020,"-21,41 €",Plein,Belfius,Plein Essence Lukoil Luxembourg,38,"9 516,59 €",,9
13-09-2020,"-39,50 €",Resto,Belfius,Resto Zoo - Bouillon,38,"9 477,09 €",,9
14-09-2020,"75,00 €",Fournitures,Belfius,Partena - Remboursement lunettes,38,"9 552,09 €",,9
14-09-2020,"37,00 €",Remboursement,Belfius,Nico - Remboursement Weekend,38,"9 589,09 €",,9
14-09-2020,"-6,00 €",Alimentation,Cash,Beignets spéculos,38,"9 583,09 €",,9
15-09-2020,"-20,00 €",Facture,BNP,Disney+ - Remboursement Nico - Abonnement Annuel,38,"9 563,09 €",,9
17-09-2020,"-37,72 €",Courses,Belfius,Courses Carrefour Express,38,"9 525,37 €",,9
18-09-2020,"-8,67 €",Remboursement,Belfius,Equilibrage Tricount Caro,38,"9 516,70 €",,9
18-09-2020,"-40,00 €",Resto,Belfius,Menma - Place Jourdan,38,"9 476,70 €",,9
19-09-2020,"-50,20 €",Courses,Belfius,Courses Aldi Woluwe St Lambert,38,"9 426,50 €",,9
19-09-2020,"-12,49 €",Divertissement,Revolut,Achat Steam - For Honor,38,"9 414,01 €",,9
19-09-2020,"-15,00 €",Divertissement,Revolut,Achat Ubisoft - Ghost Reacon,38,"9 399,01 €","-821,79 €",9
20-09-2020,"-8,00 €",Boisson,Belfius,Bière Ixelles (Remboursement Chiara),39,"9 391,01 €",,9
20-09-2020,"-27,32 €",Transports,Revolut,Uber,39,"9 363,69 €",,9
21-09-2020,"-12,50 €",Boisson,Belfius,Bar Meudon (w/ Alizée & Co),39,"9 351,19 €",,9
22-09-2020,"-22,70 €",Alimentation,Belfius,Couques Arhs,39,"9 328,49 €",,9
22-09-2020,"-24,80 €",Courses,Belfius,Courses Aldi Woluwe St Lambert,39,"9 303,69 €",,9
22-09-2020,"-4,99 €",Abonnements,Revolut,Spotify Septembre 2020,39,"9 298,70 €",,9
24-09-2020,"-8,40 €",Courses,EdenRed,Courses Kraainem,39,"9 290,30 €",,9
26-09-2020,"-29,99 €",Vêtements,Belfius,Caméléon Genval - Baskettes blanches,39,"9 260,31 €",,9
26-09-2020,"-5,00 €",Alimentation,Belfius,Boulangerie Genval,39,"9 255,31 €","1 854,02 €",9
27-09-2020,"-12,09 €",Abonnements,Revolut,Adobe Systems - Septembre 2020,40,"9 243,22 €",,9
27-09-2020,"476,90 €",Remboursement,Belfius,"Remboursement Joséphine:
- Loyer Octobre: 349,40€
- Internet Septembre: 51,44
- Mobile Septembre
- Equilibrage tricount",40,"9 720,12 €",,9
27-09-2020,"-16,55 €",Courses,Belfius,Eat's local - commande,40,"9 703,57 €",,9
27-09-2020,"-29,51 €",Fournitures,Revolut,Fotocom,40,"9 674,06 €",,9
14e mois - Octobre 2020,,,,,,"9 674,06 €",,
28-09-2020,"2 309,43 €",Salaire,Belfius,Salaire Septembre 2020,40,"11 983,49 €",,9
28-09-2020,"-960,00 €",Courses,Belfius,Loyer Septembre 2020,40,"11 023,49 €",,9
28-09-2020,"-18,99 €",Formation,Revolut,Udemy Online Course - Drupal 8 beginner to Advanced in 8 PROJECTS,40,"11 004,50 €",,9
29-09-2020,"-3,99 €",Courses,Belfius,Courses Aldi,40,"11 000,51 €",,9
29-09-2020,"-30,40 €",Courses,EdenRed,Courses Aldi,40,"10 970,11 €",,9
01-10-2020,"-3,50 €",Facture,Belfius,Participation Frais de tenue du compte,40,"10 966,61 €",,10
01-10-2020,"132,00 €",Salaire,EdenRed,Tickets Repas Octobre 2020,40,"11 098,61 €",,10
01-10-2020,"-73,00 €",Resto,Belfius,Pizzeria George Henry,40,"11 025,61 €",,10
02-10-2020,"-7,80 €",Divertissement,Belfius,Cinescope LLN,40,"11 017,81 €",,10
02-10-2020,"-3,50 €",Alimentation,Belfius,Cinescope LLN - Popcorn,40,"11 014,31 €",,10
02-10-2020,"-5,00 €",Fast-Food,Belfius,L'Outre-mer LLN,40,"11 009,31 €",,10
03-10-2020,"-24,99 €",Vêtements,Belfius,H&M Shopping Woluwe,40,"10 984,32 €",,10
03-10-2020,"-22,65 €",Courses,Belfius,Match Shopping Woluwe,40,"10 961,67 €","-218,12 €",10
05-10-2020,"-36,00 €",Formation,Belfius,Frais - Permis Pratique,41,"10 925,67 €",,10
05-10-2020,"-12,00 €",Autre,Belfius,Oxfam Don mensuel,41,"10 913,67 €",,10
05-10-2020,"-34,99 €",Abonnements,Belfius,Basic-fit Octobre 2020,41,"10 878,68 €",,10
06-10-2020,"-26,00 €",Autre,Belfius,Commande Permis de conduire - Commune WSL,41,"10 852,68 €",,10
06-10-2020,"-12,55 €",Courses,EdenRed,Courses Delhaize Midi,41,"10 840,13 €",,10
06-10-2020,"-25,30 €",Divertissement,Belfius,Remboursement Mathieu Vandenneucker - Cinéma du 08/10,41,"10 814,83 €",,10
06-10-2020,"-4,50 €",Courses,Belfius,Remboursement Mathieu Meunier - Courses du 05/10,41,"10 810,33 €",,10
07-10-2020,"-40,00 €",Facture,Belfius,Electricité Octobre 2020,41,"10 770,33 €",,10
09-10-2020,"-15,00 €",Resto,Belfius,Remboursement Pizzas Quentin,41,"10 755,33 €",,10
09-10-2020,"7,00 €",Resto,Belfius,Remboursement Pizzas Avinash,41,"10 762,33 €","-539,22 €",10